studentId,projectNum,rank
JHL283810,1,1
JHL283810,3,2
JHL283810,7,3
JHL283810,8,4
JHL283810,20,5
JHL283810,26,1
JHL283810,23,2
JHL283810,24,3
JHL283810,25,4
JHL283810,22,5
RZS258878,12,1
RZS258878,20,2
RZS258878,9,3
RZS258878,2,4
RZS258878,15,5
RZS258878,26,1
RZS258878,22,2
RZS258878,23,3
RZS258878,25,4
RZS258878,24,5
MBT282397,6,1
MBT282397,12,2
MBT282397,19,3
MBT282397,7,4
MBT282397,9,5
MBT282397,22,1
MBT282397,23,2
MBT282397,24,3
MBT282397,26,4
MBT282397,25,5
KWB260589,11,1
KWB260589,13,2
KWB260589,9,3
KWB260589,3,4
KWB260589,7,5
KWB260589,26,1
KWB260589,24,2
KWB260589,22,3
KWB260589,23,4
KWB260589,25,5
BXR284259,5,1
BXR284259,6,2
BXR284259,14,3
BXR284259,3,4
BXR284259,13,5
BXR284259,25,1
BXR284259,26,2
BXR284259,24,3
BXR284259,23,4
BXR284259,22,5
MIB289166,9,1
MIB289166,17,2
MIB289166,6,3
MIB289166,19,4
MIB289166,4,5
MIB289166,24,1
MIB289166,23,2
MIB289166,22,3
MIB289166,25,4
MIB289166,26,5
SDI270697,16,1
SDI270697,3,2
SDI270697,18,3
SDI270697,5,4
SDI270697,17,5
SDI270697,25,1
SDI270697,23,2
SDI270697,26,3
SDI270697,24,4
SDI270697,22,5
FVM270686,19,1
FVM270686,18,2
FVM270686,8,3
FVM270686,20,4
FVM270686,1,5
FVM270686,22,1
FVM270686,26,2
FVM270686,25,3
FVM270686,24,4
FVM270686,23,5
APK243309,7,1
APK243309,20,2
APK243309,18,3
APK243309,15,4
APK243309,5,5
APK243309,25,1
APK243309,23,2
APK243309,26,3
APK243309,24,4
APK243309,22,5
EDS209880,9,1
EDS209880,15,2
EDS209880,10,3
EDS209880,14,4
EDS209880,16,5
EDS209880,23,1
EDS209880,26,2
EDS209880,25,3
EDS209880,22,4
EDS209880,24,5
MSM275914,2,1
MSM275914,3,2
MSM275914,14,3
MSM275914,17,4
MSM275914,11,5
MSM275914,24,1
MSM275914,23,2
MSM275914,26,3
MSM275914,25,4
MSM275914,22,5
NOZ234814,18,1
NOZ234814,10,2
NOZ234814,17,3
NOZ234814,1,4
NOZ234814,19,5
NOZ234814,22,1
NOZ234814,23,2
NOZ234814,25,3
NOZ234814,26,4
NOZ234814,24,5
DWO297310,3,1
DWO297310,14,2
DWO297310,9,3
DWO297310,2,4
DWO297310,1,5
DWO297310,24,1
DWO297310,23,2
DWO297310,26,3
DWO297310,25,4
DWO297310,22,5
AAE297154,4,1
AAE297154,12,2
AAE297154,18,3
AAE297154,14,4
AAE297154,5,5
AAE297154,23,1
AAE297154,26,2
AAE297154,22,3
AAE297154,25,4
AAE297154,24,5
SVK223509,16,1
SVK223509,8,2
SVK223509,7,3
SVK223509,15,4
SVK223509,12,5
SVK223509,24,1
SVK223509,23,2
SVK223509,22,3
SVK223509,26,4
SVK223509,25,5
MYJ252227,4,1
MYJ252227,9,2
MYJ252227,6,3
MYJ252227,19,4
MYJ252227,2,5
MYJ252227,22,1
MYJ252227,25,2
MYJ252227,23,3
MYJ252227,24,4
MYJ252227,26,5
JIP279457,6,1
JIP279457,19,2
JIP279457,10,3
JIP279457,13,4
JIP279457,1,5
JIP279457,24,1
JIP279457,26,2
JIP279457,22,3
JIP279457,23,4
JIP279457,25,5
APS260946,19,1
APS260946,7,2
APS260946,13,3
APS260946,16,4
APS260946,18,5
APS260946,23,1
APS260946,26,2
APS260946,24,3
APS260946,22,4
APS260946,25,5
DQF255724,9,1
DQF255724,17,2
DQF255724,16,3
DQF255724,8,4
DQF255724,20,5
DQF255724,25,1
DQF255724,22,2
DQF255724,24,3
DQF255724,23,4
DQF255724,26,5
FEH235614,14,1
FEH235614,2,2
FEH235614,7,3
FEH235614,20,4
FEH235614,13,5
FEH235614,26,1
FEH235614,22,2
FEH235614,24,3
FEH235614,23,4
FEH235614,25,5
CNW200772,19,1
CNW200772,1,2
CNW200772,3,3
CNW200772,14,4
CNW200772,5,5
CNW200772,25,1
CNW200772,23,2
CNW200772,22,3
CNW200772,26,4
CNW200772,24,5
AML242906,5,1
AML242906,8,2
AML242906,20,3
AML242906,16,4
AML242906,4,5
AML242906,26,1
AML242906,23,2
AML242906,25,3
AML242906,24,4
AML242906,22,5
GJM221992,14,1
GJM221992,16,2
GJM221992,4,3
GJM221992,20,4
GJM221992,12,5
GJM221992,25,1
GJM221992,23,2
GJM221992,26,3
GJM221992,22,4
GJM221992,24,5
PST280728,9,1
PST280728,18,2
PST280728,1,3
PST280728,17,4
PST280728,7,5
PST280728,22,1
PST280728,23,2
PST280728,24,3
PST280728,25,4
PST280728,26,5
MPH272768,13,1
MPH272768,8,2
MPH272768,10,3
MPH272768,12,4
MPH272768,16,5
MPH272768,26,1
MPH272768,24,2
MPH272768,23,3
MPH272768,25,4
MPH272768,22,5
KDG292124,18,1
KDG292124,5,2
KDG292124,9,3
KDG292124,2,4
KDG292124,17,5
KDG292124,26,1
KDG292124,24,2
KDG292124,25,3
KDG292124,22,4
KDG292124,23,5
RON213446,14,1
RON213446,8,2
RON213446,17,3
RON213446,13,4
RON213446,15,5
RON213446,25,1
RON213446,24,2
RON213446,26,3
RON213446,23,4
RON213446,22,5
RYV274531,20,1
RYV274531,16,2
RYV274531,10,3
RYV274531,2,4
RYV274531,8,5
RYV274531,24,1
RYV274531,26,2
RYV274531,25,3
RYV274531,23,4
RYV274531,22,5
JUK290096,6,1
JUK290096,10,2
JUK290096,19,3
JUK290096,15,4
JUK290096,4,5
JUK290096,25,1
JUK290096,24,2
JUK290096,26,3
JUK290096,23,4
JUK290096,22,5
SNB265597,11,1
SNB265597,20,2
SNB265597,4,3
SNB265597,6,4
SNB265597,19,5
SNB265597,25,1
SNB265597,26,2
SNB265597,23,3
SNB265597,24,4
SNB265597,22,5
GYC259614,6,1
GYC259614,10,2
GYC259614,18,3
GYC259614,1,4
GYC259614,14,5
GYC259614,22,1
GYC259614,23,2
GYC259614,26,3
GYC259614,25,4
GYC259614,24,5
HQT284896,10,1
HQT284896,19,2
HQT284896,16,3
HQT284896,5,4
HQT284896,15,5
HQT284896,26,1
HQT284896,25,2
HQT284896,23,3
HQT284896,24,4
HQT284896,22,5
AHT259682,5,1
AHT259682,14,2
AHT259682,20,3
AHT259682,3,4
AHT259682,16,5
AHT259682,24,1
AHT259682,26,2
AHT259682,25,3
AHT259682,23,4
AHT259682,22,5
VYC243065,14,1
VYC243065,5,2
VYC243065,8,3
VYC243065,17,4
VYC243065,20,5
VYC243065,26,1
VYC243065,23,2
VYC243065,22,3
VYC243065,24,4
VYC243065,25,5
SSD279887,12,1
SSD279887,19,2
SSD279887,10,3
SSD279887,14,4
SSD279887,9,5
SSD279887,25,1
SSD279887,24,2
SSD279887,22,3
SSD279887,23,4
SSD279887,26,5
JJB213979,2,1
JJB213979,10,2
JJB213979,15,3
JJB213979,20,4
JJB213979,12,5
JJB213979,23,1
JJB213979,22,2
JJB213979,26,3
JJB213979,24,4
JJB213979,25,5
MLK223021,13,1
MLK223021,18,2
MLK223021,12,3
MLK223021,3,4
MLK223021,20,5
MLK223021,22,1
MLK223021,24,2
MLK223021,25,3
MLK223021,26,4
MLK223021,23,5
BLM248311,8,1
BLM248311,18,2
BLM248311,5,3
BLM248311,13,4
BLM248311,15,5
BLM248311,24,1
BLM248311,25,2
BLM248311,26,3
BLM248311,22,4
BLM248311,23,5
JII285841,12,1
JII285841,2,2
JII285841,13,3
JII285841,9,4
JII285841,7,5
JII285841,22,1
JII285841,25,2
JII285841,26,3
JII285841,24,4
JII285841,23,5
BSG206629,9,1
BSG206629,5,2
BSG206629,19,3
BSG206629,20,4
BSG206629,6,5
BSG206629,22,1
BSG206629,26,2
BSG206629,25,3
BSG206629,24,4
BSG206629,23,5
MEC231186,10,1
MEC231186,15,2
MEC231186,1,3
MEC231186,2,4
MEC231186,16,5
MEC231186,25,1
MEC231186,26,2
MEC231186,24,3
MEC231186,22,4
MEC231186,23,5
ETM293375,20,1
ETM293375,14,2
ETM293375,4,3
ETM293375,18,4
ETM293375,7,5
ETM293375,25,1
ETM293375,26,2
ETM293375,22,3
ETM293375,23,4
ETM293375,24,5
INC259441,3,1
INC259441,14,2
INC259441,4,3
INC259441,12,4
INC259441,5,5
INC259441,26,1
INC259441,22,2
INC259441,24,3
INC259441,23,4
INC259441,25,5
CNM253845,16,1
CNM253845,8,2
CNM253845,4,3
CNM253845,12,4
CNM253845,17,5
CNM253845,22,1
CNM253845,24,2
CNM253845,25,3
CNM253845,26,4
CNM253845,23,5
RWT273526,1,1
RWT273526,6,2
RWT273526,5,3
RWT273526,13,4
RWT273526,3,5
RWT273526,23,1
RWT273526,22,2
RWT273526,25,3
RWT273526,24,4
RWT273526,26,5
HXA255028,19,1
HXA255028,16,2
HXA255028,17,3
HXA255028,10,4
HXA255028,2,5
HXA255028,23,1
HXA255028,25,2
HXA255028,24,3
HXA255028,22,4
HXA255028,26,5
AYH226794,15,1
AYH226794,3,2
AYH226794,11,3
AYH226794,14,4
AYH226794,13,5
AYH226794,25,1
AYH226794,24,2
AYH226794,22,3
AYH226794,23,4
AYH226794,26,5
RWB242568,19,1
RWB242568,13,2
RWB242568,17,3
RWB242568,3,4
RWB242568,20,5
RWB242568,24,1
RWB242568,26,2
RWB242568,22,3
RWB242568,23,4
RWB242568,25,5
JYP210011,16,1
JYP210011,15,2
JYP210011,19,3
JYP210011,11,4
JYP210011,17,5
JYP210011,23,1
JYP210011,25,2
JYP210011,22,3
JYP210011,26,4
JYP210011,24,5
MLS282756,18,1
MLS282756,2,2
MLS282756,15,3
MLS282756,7,4
MLS282756,11,5
MLS282756,26,1
MLS282756,25,2
MLS282756,24,3
MLS282756,22,4
MLS282756,23,5
NWM259050,11,1
NWM259050,3,2
NWM259050,20,3
NWM259050,4,4
NWM259050,13,5
NWM259050,24,1
NWM259050,26,2
NWM259050,25,3
NWM259050,22,4
NWM259050,23,5
OUV210682,14,1
OUV210682,17,2
OUV210682,12,3
OUV210682,1,4
OUV210682,18,5
OUV210682,24,1
OUV210682,23,2
OUV210682,22,3
OUV210682,25,4
OUV210682,26,5
SJS225166,6,1
SJS225166,15,2
SJS225166,2,3
SJS225166,14,4
SJS225166,12,5
SJS225166,23,1
SJS225166,25,2
SJS225166,24,3
SJS225166,26,4
SJS225166,22,5
DPD230671,10,1
DPD230671,3,2
DPD230671,6,3
DPD230671,9,4
DPD230671,15,5
DPD230671,26,1
DPD230671,23,2
DPD230671,25,3
DPD230671,22,4
DPD230671,24,5
TMH259130,11,1
TMH259130,4,2
TMH259130,20,3
TMH259130,5,4
TMH259130,17,5
TMH259130,22,1
TMH259130,24,2
TMH259130,23,3
TMH259130,26,4
TMH259130,25,5
LGJ258799,18,1
LGJ258799,1,2
LGJ258799,17,3
LGJ258799,8,4
LGJ258799,5,5
LGJ258799,24,1
LGJ258799,25,2
LGJ258799,22,3
LGJ258799,23,4
LGJ258799,26,5
SQA274798,4,1
SQA274798,19,2
SQA274798,11,3
SQA274798,5,4
SQA274798,2,5
SQA274798,24,1
SQA274798,26,2
SQA274798,25,3
SQA274798,22,4
SQA274798,23,5
LCM291146,7,1
LCM291146,10,2
LCM291146,12,3
LCM291146,2,4
LCM291146,11,5
LCM291146,24,1
LCM291146,22,2
LCM291146,23,3
LCM291146,26,4
LCM291146,25,5
EFS297426,2,1
EFS297426,12,2
EFS297426,14,3
EFS297426,9,4
EFS297426,20,5
EFS297426,22,1
EFS297426,25,2
EFS297426,23,3
EFS297426,26,4
EFS297426,24,5
PYT218714,3,1
PYT218714,19,2
PYT218714,5,3
PYT218714,17,4
PYT218714,12,5
PYT218714,25,1
PYT218714,24,2
PYT218714,26,3
PYT218714,23,4
PYT218714,22,5
AMG214869,5,1
AMG214869,3,2
AMG214869,15,3
AMG214869,6,4
AMG214869,18,5
AMG214869,22,1
AMG214869,24,2
AMG214869,25,3
AMG214869,23,4
AMG214869,26,5
CWN272089,8,1
CWN272089,16,2
CWN272089,1,3
CWN272089,12,4
CWN272089,17,5
CWN272089,25,1
CWN272089,23,2
CWN272089,24,3
CWN272089,22,4
CWN272089,26,5
NQK240539,6,1
NQK240539,20,2
NQK240539,11,3
NQK240539,8,4
NQK240539,12,5
NQK240539,26,1
NQK240539,24,2
NQK240539,22,3
NQK240539,23,4
NQK240539,25,5
LRH283238,3,1
LRH283238,2,2
LRH283238,9,3
LRH283238,7,4
LRH283238,14,5
LRH283238,26,1
LRH283238,22,2
LRH283238,23,3
LRH283238,24,4
LRH283238,25,5
GJS263300,7,1
GJS263300,11,2
GJS263300,5,3
GJS263300,19,4
GJS263300,17,5
GJS263300,24,1
GJS263300,25,2
GJS263300,22,3
GJS263300,23,4
GJS263300,26,5
GHH241827,7,1
GHH241827,6,2
GHH241827,16,3
GHH241827,17,4
GHH241827,15,5
GHH241827,25,1
GHH241827,24,2
GHH241827,23,3
GHH241827,22,4
GHH241827,26,5
BLW251543,9,1
BLW251543,12,2
BLW251543,13,3
BLW251543,19,4
BLW251543,2,5
BLW251543,25,1
BLW251543,22,2
BLW251543,24,3
BLW251543,26,4
BLW251543,23,5
EYF272512,2,1
EYF272512,20,2
EYF272512,5,3
EYF272512,11,4
EYF272512,16,5
EYF272512,26,1
EYF272512,25,2
EYF272512,22,3
EYF272512,24,4
EYF272512,23,5
SXB280356,10,1
SXB280356,1,2
SXB280356,16,3
SXB280356,9,4
SXB280356,8,5
SXB280356,22,1
SXB280356,25,2
SXB280356,26,3
SXB280356,23,4
SXB280356,24,5
JDL289224,17,1
JDL289224,7,2
JDL289224,18,3
JDL289224,11,4
JDL289224,16,5
JDL289224,26,1
JDL289224,25,2
JDL289224,23,3
JDL289224,22,4
JDL289224,24,5
PXJ269878,18,1
PXJ269878,13,2
PXJ269878,19,3
PXJ269878,12,4
PXJ269878,5,5
PXJ269878,24,1
PXJ269878,22,2
PXJ269878,23,3
PXJ269878,25,4
PXJ269878,26,5
HRW257983,16,1
HRW257983,20,2
HRW257983,7,3
HRW257983,10,4
HRW257983,11,5
HRW257983,24,1
HRW257983,22,2
HRW257983,25,3
HRW257983,26,4
HRW257983,23,5
ABG222946,11,1
ABG222946,6,2
ABG222946,15,3
ABG222946,9,4
ABG222946,19,5
ABG222946,22,1
ABG222946,24,2
ABG222946,23,3
ABG222946,26,4
ABG222946,25,5
MCR280079,9,1
MCR280079,13,2
MCR280079,8,3
MCR280079,15,4
MCR280079,20,5
MCR280079,24,1
MCR280079,26,2
MCR280079,25,3
MCR280079,22,4
MCR280079,23,5
VDT285679,5,1
VDT285679,15,2
VDT285679,12,3
VDT285679,14,4
VDT285679,16,5
VDT285679,26,1
VDT285679,23,2
VDT285679,22,3
VDT285679,24,4
VDT285679,25,5
JBL269228,9,1
JBL269228,1,2
JBL269228,7,3
JBL269228,3,4
JBL269228,2,5
JBL269228,25,1
JBL269228,24,2
JBL269228,26,3
JBL269228,22,4
JBL269228,23,5
PYW209046,18,1
PYW209046,14,2
PYW209046,20,3
PYW209046,13,4
PYW209046,8,5
PYW209046,23,1
PYW209046,25,2
PYW209046,26,3
PYW209046,22,4
PYW209046,24,5
JTM224704,19,1
JTM224704,11,2
JTM224704,20,3
JTM224704,8,4
JTM224704,10,5
JTM224704,23,1
JTM224704,26,2
JTM224704,25,3
JTM224704,24,4
JTM224704,22,5
MPW207989,16,1
MPW207989,8,2
MPW207989,19,3
MPW207989,10,4
MPW207989,5,5
MPW207989,25,1
MPW207989,22,2
MPW207989,24,3
MPW207989,23,4
MPW207989,26,5
MKH273044,7,1
MKH273044,19,2
MKH273044,18,3
MKH273044,20,4
MKH273044,16,5
MKH273044,23,1
MKH273044,24,2
MKH273044,26,3
MKH273044,22,4
MKH273044,25,5
CHP224906,11,1
CHP224906,7,2
CHP224906,12,3
CHP224906,20,4
CHP224906,14,5
CHP224906,22,1
CHP224906,23,2
CHP224906,24,3
CHP224906,26,4
CHP224906,25,5
CHP234180,18,1
CHP234180,16,2
CHP234180,6,3
CHP234180,2,4
CHP234180,17,5
CHP234180,22,1
CHP234180,26,2
CHP234180,25,3
CHP234180,23,4
CHP234180,24,5
JGC282667,14,1
JGC282667,6,2
JGC282667,4,3
JGC282667,18,4
JGC282667,5,5
JGC282667,23,1
JGC282667,26,2
JGC282667,24,3
JGC282667,25,4
JGC282667,22,5
JOC235038,13,1
JOC235038,20,2
JOC235038,19,3
JOC235038,16,4
JOC235038,2,5
JOC235038,22,1
JOC235038,23,2
JOC235038,26,3
JOC235038,25,4
JOC235038,24,5
CDB284529,9,1
CDB284529,18,2
CDB284529,2,3
CDB284529,6,4
CDB284529,11,5
CDB284529,22,1
CDB284529,23,2
CDB284529,24,3
CDB284529,26,4
CDB284529,25,5
SMW210084,4,1
SMW210084,14,2
SMW210084,8,3
SMW210084,3,4
SMW210084,11,5
SMW210084,26,1
SMW210084,25,2
SMW210084,23,3
SMW210084,22,4
SMW210084,24,5
CMP259054,12,1
CMP259054,9,2
CMP259054,4,3
CMP259054,5,4
CMP259054,3,5
CMP259054,23,1
CMP259054,25,2
CMP259054,26,3
CMP259054,24,4
CMP259054,22,5
BTC203442,3,1
BTC203442,12,2
BTC203442,9,3
BTC203442,8,4
BTC203442,16,5
BTC203442,26,1
BTC203442,23,2
BTC203442,25,3
BTC203442,22,4
BTC203442,24,5
BTS239932,7,1
BTS239932,16,2
BTS239932,11,3
BTS239932,6,4
BTS239932,13,5
BTS239932,24,1
BTS239932,26,2
BTS239932,25,3
BTS239932,23,4
BTS239932,22,5
MLP242714,9,1
MLP242714,5,2
MLP242714,14,3
MLP242714,13,4
MLP242714,3,5
MLP242714,25,1
MLP242714,26,2
MLP242714,24,3
MLP242714,23,4
MLP242714,22,5
VZE271256,19,1
VZE271256,20,2
VZE271256,8,3
VZE271256,15,4
VZE271256,12,5
VZE271256,25,1
VZE271256,26,2
VZE271256,24,3
VZE271256,22,4
VZE271256,23,5
MCD203219,15,1
MCD203219,11,2
MCD203219,3,3
MCD203219,10,4
MCD203219,2,5
MCD203219,22,1
MCD203219,26,2
MCD203219,23,3
MCD203219,25,4
MCD203219,24,5
AKW297057,7,1
AKW297057,9,2
AKW297057,3,3
AKW297057,4,4
AKW297057,6,5
AKW297057,24,1
AKW297057,26,2
AKW297057,22,3
AKW297057,23,4
AKW297057,25,5
STM234387,4,1
STM234387,6,2
STM234387,12,3
STM234387,5,4
STM234387,13,5
STM234387,25,1
STM234387,23,2
STM234387,24,3
STM234387,26,4
STM234387,22,5
LUM224347,16,1
LUM224347,14,2
LUM224347,15,3
LUM224347,20,4
LUM224347,6,5
LUM224347,22,1
LUM224347,26,2
LUM224347,25,3
LUM224347,23,4
LUM224347,24,5
AOC236025,15,1
AOC236025,18,2
AOC236025,7,3
AOC236025,14,4
AOC236025,4,5
AOC236025,23,1
AOC236025,24,2
AOC236025,22,3
AOC236025,26,4
AOC236025,25,5
SYS245688,5,1
SYS245688,14,2
SYS245688,2,3
SYS245688,9,4
SYS245688,20,5
SYS245688,23,1
SYS245688,26,2
SYS245688,22,3
SYS245688,25,4
SYS245688,24,5
DIH299807,13,1
DIH299807,7,2
DIH299807,14,3
DIH299807,19,4
DIH299807,16,5
DIH299807,24,1
DIH299807,26,2
DIH299807,23,3
DIH299807,25,4
DIH299807,22,5
FYP274205,4,1
FYP274205,6,2
FYP274205,15,3
FYP274205,18,4
FYP274205,1,5
FYP274205,25,1
FYP274205,23,2
FYP274205,24,3
FYP274205,22,4
FYP274205,26,5
MCC220837,16,1
MCC220837,3,2
MCC220837,5,3
MCC220837,8,4
MCC220837,15,5
MCC220837,22,1
MCC220837,26,2
MCC220837,24,3
MCC220837,23,4
MCC220837,25,5
JCF255353,19,1
JCF255353,1,2
JCF255353,6,3
JCF255353,15,4
JCF255353,12,5
JCF255353,23,1
JCF255353,26,2
JCF255353,25,3
JCF255353,24,4
JCF255353,22,5
WXS211362,1,1
WXS211362,10,2
WXS211362,7,3
WXS211362,17,4
WXS211362,18,5
WXS211362,25,1
WXS211362,24,2
WXS211362,26,3
WXS211362,22,4
WXS211362,23,5
DTH264865,17,1
DTH264865,14,2
DTH264865,19,3
DTH264865,13,4
DTH264865,3,5
DTH264865,26,1
DTH264865,23,2
DTH264865,25,3
DTH264865,22,4
DTH264865,24,5
DKM210357,20,1
DKM210357,2,2
DKM210357,10,3
DKM210357,6,4
DKM210357,4,5
DKM210357,22,1
DKM210357,23,2
DKM210357,24,3
DKM210357,26,4
DKM210357,25,5
JXL265065,19,1
JXL265065,3,2
JXL265065,16,3
JXL265065,15,4
JXL265065,12,5
JXL265065,22,1
JXL265065,25,2
JXL265065,24,3
JXL265065,26,4
JXL265065,23,5
AVP220618,14,1
AVP220618,8,2
AVP220618,11,3
AVP220618,19,4
AVP220618,20,5
AVP220618,24,1
AVP220618,26,2
AVP220618,22,3
AVP220618,23,4
AVP220618,25,5
DBU265803,10,1
DBU265803,19,2
DBU265803,20,3
DBU265803,8,4
DBU265803,15,5
DBU265803,24,1
DBU265803,25,2
DBU265803,22,3
DBU265803,26,4
DBU265803,23,5
MUB200835,16,1
MUB200835,2,2
MUB200835,5,3
MUB200835,9,4
MUB200835,3,5
MUB200835,22,1
MUB200835,23,2
MUB200835,24,3
MUB200835,25,4
MUB200835,26,5
BUS260091,8,1
BUS260091,3,2
BUS260091,7,3
BUS260091,5,4
BUS260091,4,5
BUS260091,23,1
BUS260091,22,2
BUS260091,25,3
BUS260091,26,4
BUS260091,24,5
LYG241160,12,1
LYG241160,13,2
LYG241160,17,3
LYG241160,2,4
LYG241160,10,5
LYG241160,24,1
LYG241160,23,2
LYG241160,22,3
LYG241160,25,4
LYG241160,26,5
RZL272869,8,1
RZL272869,5,2
RZL272869,7,3
RZL272869,13,4
RZL272869,12,5
RZL272869,22,1
RZL272869,24,2
RZL272869,26,3
RZL272869,25,4
RZL272869,23,5
RZR225919,9,1
RZR225919,20,2
RZR225919,15,3
RZR225919,5,4
RZR225919,2,5
RZR225919,26,1
RZR225919,23,2
RZR225919,24,3
RZR225919,25,4
RZR225919,22,5
BEL254000,11,1
BEL254000,8,2
BEL254000,1,3
BEL254000,9,4
BEL254000,2,5
BEL254000,25,1
BEL254000,24,2
BEL254000,26,3
BEL254000,22,4
BEL254000,23,5
EZS213124,19,1
EZS213124,11,2
EZS213124,12,3
EZS213124,1,4
EZS213124,18,5
EZS213124,26,1
EZS213124,23,2
EZS213124,24,3
EZS213124,22,4
EZS213124,25,5
CBB271057,12,1
CBB271057,3,2
CBB271057,20,3
CBB271057,13,4
CBB271057,4,5
CBB271057,24,1
CBB271057,26,2
CBB271057,23,3
CBB271057,22,4
CBB271057,25,5
TUW295990,5,1
TUW295990,6,2
TUW295990,1,3
TUW295990,13,4
TUW295990,2,5
TUW295990,23,1
TUW295990,24,2
TUW295990,25,3
TUW295990,22,4
TUW295990,26,5
SLH265035,14,1
SLH265035,6,2
SLH265035,20,3
SLH265035,16,4
SLH265035,13,5
SLH265035,24,1
SLH265035,25,2
SLH265035,22,3
SLH265035,23,4
SLH265035,26,5
EJS221319,14,1
EJS221319,6,2
EJS221319,2,3
EJS221319,4,4
EJS221319,11,5
EJS221319,23,1
EJS221319,26,2
EJS221319,25,3
EJS221319,24,4
EJS221319,22,5
RRD238980,14,1
RRD238980,3,2
RRD238980,10,3
RRD238980,16,4
RRD238980,7,5
RRD238980,22,1
RRD238980,26,2
RRD238980,25,3
RRD238980,24,4
RRD238980,23,5
EMH210739,5,1
EMH210739,4,2
EMH210739,3,3
EMH210739,12,4
EMH210739,14,5
EMH210739,26,1
EMH210739,23,2
EMH210739,24,3
EMH210739,22,4
EMH210739,25,5
KPG268495,14,1
KPG268495,7,2
KPG268495,5,3
KPG268495,9,4
KPG268495,11,5
KPG268495,22,1
KPG268495,26,2
KPG268495,23,3
KPG268495,24,4
KPG268495,25,5
EWJ236202,20,1
EWJ236202,13,2
EWJ236202,2,3
EWJ236202,19,4
EWJ236202,11,5
EWJ236202,23,1
EWJ236202,22,2
EWJ236202,24,3
EWJ236202,26,4
EWJ236202,25,5
SJR248816,10,1
SJR248816,17,2
SJR248816,13,3
SJR248816,5,4
SJR248816,1,5
SJR248816,23,1
SJR248816,26,2
SJR248816,22,3
SJR248816,24,4
SJR248816,25,5
LGC204334,19,1
LGC204334,18,2
LGC204334,12,3
LGC204334,20,4
LGC204334,6,5
LGC204334,24,1
LGC204334,22,2
LGC204334,23,3
LGC204334,25,4
LGC204334,26,5
IGS206507,9,1
IGS206507,10,2
IGS206507,20,3
IGS206507,14,4
IGS206507,13,5
IGS206507,24,1
IGS206507,25,2
IGS206507,23,3
IGS206507,22,4
IGS206507,26,5
BVS239602,20,1
BVS239602,13,2
BVS239602,11,3
BVS239602,5,4
BVS239602,1,5
BVS239602,25,1
BVS239602,24,2
BVS239602,23,3
BVS239602,26,4
BVS239602,22,5
BGS250891,9,1
BGS250891,18,2
BGS250891,6,3
BGS250891,11,4
BGS250891,3,5
BGS250891,23,1
BGS250891,24,2
BGS250891,22,3
BGS250891,26,4
BGS250891,25,5
RDL243426,11,1
RDL243426,6,2
RDL243426,3,3
RDL243426,16,4
RDL243426,20,5
RDL243426,23,1
RDL243426,24,2
RDL243426,25,3
RDL243426,22,4
RDL243426,26,5
KSL259251,8,1
KSL259251,20,2
KSL259251,12,3
KSL259251,10,4
KSL259251,5,5
KSL259251,22,1
KSL259251,25,2
KSL259251,24,3
KSL259251,23,4
KSL259251,26,5
MXA208557,5,1
MXA208557,7,2
MXA208557,1,3
MXA208557,17,4
MXA208557,6,5
MXA208557,22,1
MXA208557,24,2
MXA208557,25,3
MXA208557,26,4
MXA208557,23,5
LTO283928,4,1
LTO283928,14,2
LTO283928,15,3
LTO283928,13,4
LTO283928,20,5
LTO283928,26,1
LTO283928,24,2
LTO283928,23,3
LTO283928,22,4
LTO283928,25,5
DVR291120,2,1
DVR291120,18,2
DVR291120,16,3
DVR291120,7,4
DVR291120,19,5
DVR291120,24,1
DVR291120,23,2
DVR291120,22,3
DVR291120,26,4
DVR291120,25,5
HQM214474,6,1
HQM214474,2,2
HQM214474,10,3
HQM214474,12,4
HQM214474,11,5
HQM214474,25,1
HQM214474,22,2
HQM214474,26,3
HQM214474,24,4
HQM214474,23,5
KTM218139,6,1
KTM218139,4,2
KTM218139,5,3
KTM218139,2,4
KTM218139,20,5
KTM218139,22,1
KTM218139,25,2
KTM218139,24,3
KTM218139,23,4
KTM218139,26,5
PVG223758,2,1
PVG223758,3,2
PVG223758,9,3
PVG223758,11,4
PVG223758,1,5
PVG223758,26,1
PVG223758,23,2
PVG223758,24,3
PVG223758,25,4
PVG223758,22,5
DUM256734,6,1
DUM256734,17,2
DUM256734,16,3
DUM256734,18,4
DUM256734,20,5
DUM256734,22,1
DUM256734,25,2
DUM256734,23,3
DUM256734,26,4
DUM256734,24,5
HMH236458,20,1
HMH236458,10,2
HMH236458,17,3
HMH236458,7,4
HMH236458,15,5
HMH236458,24,1
HMH236458,26,2
HMH236458,22,3
HMH236458,25,4
HMH236458,23,5
KOQ243512,11,1
KOQ243512,12,2
KOQ243512,10,3
KOQ243512,17,4
KOQ243512,19,5
KOQ243512,22,1
KOQ243512,26,2
KOQ243512,25,3
KOQ243512,23,4
KOQ243512,24,5
MGN293959,14,1
MGN293959,19,2
MGN293959,16,3
MGN293959,17,4
MGN293959,6,5
MGN293959,26,1
MGN293959,23,2
MGN293959,24,3
MGN293959,22,4
MGN293959,25,5
RTL250778,10,1
RTL250778,18,2
RTL250778,11,3
RTL250778,7,4
RTL250778,17,5
RTL250778,23,1
RTL250778,24,2
RTL250778,25,3
RTL250778,26,4
RTL250778,22,5
DKD293113,7,1
DKD293113,9,2
DKD293113,6,3
DKD293113,10,4
DKD293113,19,5
DKD293113,23,1
DKD293113,22,2
DKD293113,24,3
DKD293113,26,4
DKD293113,25,5
RTS298775,12,1
RTS298775,19,2
RTS298775,18,3
RTS298775,7,4
RTS298775,17,5
RTS298775,24,1
RTS298775,25,2
RTS298775,22,3
RTS298775,26,4
RTS298775,23,5
KRM222779,11,1
KRM222779,15,2
KRM222779,5,3
KRM222779,2,4
KRM222779,18,5
KRM222779,24,1
KRM222779,22,2
KRM222779,26,3
KRM222779,23,4
KRM222779,25,5
EQD275061,17,1
EQD275061,16,2
EQD275061,18,3
EQD275061,1,4
EQD275061,4,5
EQD275061,24,1
EQD275061,25,2
EQD275061,22,3
EQD275061,26,4
EQD275061,23,5
JDB289463,4,1
JDB289463,6,2
JDB289463,18,3
JDB289463,1,4
JDB289463,3,5
JDB289463,23,1
JDB289463,26,2
JDB289463,24,3
JDB289463,25,4
JDB289463,22,5
VXR226945,9,1
VXR226945,14,2
VXR226945,13,3
VXR226945,15,4
VXR226945,18,5
VXR226945,25,1
VXR226945,24,2
VXR226945,22,3
VXR226945,23,4
VXR226945,26,5
AYH270101,8,1
AYH270101,5,2
AYH270101,13,3
AYH270101,10,4
AYH270101,19,5
AYH270101,24,1
AYH270101,26,2
AYH270101,22,3
AYH270101,25,4
AYH270101,23,5
RRA205475,3,1
RRA205475,10,2
RRA205475,20,3
RRA205475,9,4
RRA205475,4,5
RRA205475,23,1
RRA205475,25,2
RRA205475,26,3
RRA205475,24,4
RRA205475,22,5
RGB287988,12,1
RGB287988,10,2
RGB287988,16,3
RGB287988,4,4
RGB287988,6,5
RGB287988,26,1
RGB287988,22,2
RGB287988,23,3
RGB287988,25,4
RGB287988,24,5
DQF234502,3,1
DQF234502,13,2
DQF234502,12,3
DQF234502,17,4
DQF234502,1,5
DQF234502,23,1
DQF234502,26,2
DQF234502,24,3
DQF234502,22,4
DQF234502,25,5
LEA220869,2,1
LEA220869,11,2
LEA220869,4,3
LEA220869,17,4
LEA220869,9,5
LEA220869,24,1
LEA220869,23,2
LEA220869,25,3
LEA220869,26,4
LEA220869,22,5
AHR277028,14,1
AHR277028,11,2
AHR277028,4,3
AHR277028,16,4
AHR277028,17,5
AHR277028,25,1
AHR277028,23,2
AHR277028,24,3
AHR277028,22,4
AHR277028,26,5
JFB202942,6,1
JFB202942,11,2
JFB202942,15,3
JFB202942,3,4
JFB202942,8,5
JFB202942,25,1
JFB202942,26,2
JFB202942,22,3
JFB202942,24,4
JFB202942,23,5
KFG226522,4,1
KFG226522,14,2
KFG226522,5,3
KFG226522,9,4
KFG226522,16,5
KFG226522,23,1
KFG226522,22,2
KFG226522,26,3
KFG226522,24,4
KFG226522,25,5
ASL224775,13,1
ASL224775,7,2
ASL224775,11,3
ASL224775,14,4
ASL224775,12,5
ASL224775,22,1
ASL224775,23,2
ASL224775,25,3
ASL224775,24,4
ASL224775,26,5
CVM270268,4,1
CVM270268,8,2
CVM270268,15,3
CVM270268,6,4
CVM270268,20,5
CVM270268,23,1
CVM270268,25,2
CVM270268,26,3
CVM270268,22,4
CVM270268,24,5
GPC251000,2,1
GPC251000,17,2
GPC251000,19,3
GPC251000,8,4
GPC251000,6,5
GPC251000,22,1
GPC251000,24,2
GPC251000,26,3
GPC251000,25,4
GPC251000,23,5
SMI211382,14,1
SMI211382,17,2
SMI211382,4,3
SMI211382,3,4
SMI211382,10,5
SMI211382,24,1
SMI211382,22,2
SMI211382,26,3
SMI211382,23,4
SMI211382,25,5
LYD290989,13,1
LYD290989,8,2
LYD290989,19,3
LYD290989,11,4
LYD290989,14,5
LYD290989,24,1
LYD290989,22,2
LYD290989,26,3
LYD290989,23,4
LYD290989,25,5
GKM237655,3,1
GKM237655,16,2
GKM237655,1,3
GKM237655,2,4
GKM237655,19,5
GKM237655,24,1
GKM237655,26,2
GKM237655,23,3
GKM237655,25,4
GKM237655,22,5
JED223969,9,1
JED223969,6,2
JED223969,18,3
JED223969,20,4
JED223969,8,5
JED223969,24,1
JED223969,25,2
JED223969,26,3
JED223969,23,4
JED223969,22,5
LYG224105,8,1
LYG224105,18,2
LYG224105,14,3
LYG224105,13,4
LYG224105,7,5
LYG224105,23,1
LYG224105,26,2
LYG224105,25,3
LYG224105,22,4
LYG224105,24,5
KUW255249,4,1
KUW255249,15,2
KUW255249,11,3
KUW255249,9,4
KUW255249,12,5
KUW255249,24,1
KUW255249,26,2
KUW255249,23,3
KUW255249,22,4
KUW255249,25,5
SGP215890,10,1
SGP215890,15,2
SGP215890,5,3
SGP215890,6,4
SGP215890,11,5
SGP215890,25,1
SGP215890,26,2
SGP215890,22,3
SGP215890,24,4
SGP215890,23,5
GWS245039,5,1
GWS245039,8,2
GWS245039,9,3
GWS245039,3,4
GWS245039,7,5
GWS245039,23,1
GWS245039,25,2
GWS245039,22,3
GWS245039,24,4
GWS245039,26,5
JYM262021,11,1
JYM262021,16,2
JYM262021,15,3
JYM262021,9,4
JYM262021,18,5
JYM262021,23,1
JYM262021,26,2
JYM262021,24,3
JYM262021,25,4
JYM262021,22,5
BHV268610,17,1
BHV268610,5,2
BHV268610,12,3
BHV268610,10,4
BHV268610,16,5
BHV268610,26,1
BHV268610,22,2
BHV268610,24,3
BHV268610,23,4
BHV268610,25,5
WTW239270,14,1
WTW239270,8,2
WTW239270,17,3
WTW239270,9,4
WTW239270,10,5
WTW239270,26,1
WTW239270,24,2
WTW239270,23,3
WTW239270,22,4
WTW239270,25,5
PTC223908,10,1
PTC223908,9,2
PTC223908,5,3
PTC223908,15,4
PTC223908,1,5
PTC223908,23,1
PTC223908,22,2
PTC223908,25,3
PTC223908,24,4
PTC223908,26,5
JPR228467,6,1
JPR228467,7,2
JPR228467,9,3
JPR228467,13,4
JPR228467,1,5
JPR228467,22,1
JPR228467,23,2
JPR228467,25,3
JPR228467,24,4
JPR228467,26,5
RDP296681,4,1
RDP296681,9,2
RDP296681,16,3
RDP296681,10,4
RDP296681,7,5
RDP296681,24,1
RDP296681,22,2
RDP296681,26,3
RDP296681,25,4
RDP296681,23,5
JIC230928,20,1
JIC230928,5,2
JIC230928,12,3
JIC230928,3,4
JIC230928,8,5
JIC230928,23,1
JIC230928,25,2
JIC230928,22,3
JIC230928,26,4
JIC230928,24,5
BZW207834,5,1
BZW207834,9,2
BZW207834,2,3
BZW207834,16,4
BZW207834,15,5
BZW207834,26,1
BZW207834,24,2
BZW207834,25,3
BZW207834,23,4
BZW207834,22,5
JOH274278,7,1
JOH274278,17,2
JOH274278,16,3
JOH274278,5,4
JOH274278,10,5
JOH274278,24,1
JOH274278,25,2
JOH274278,26,3
JOH274278,23,4
JOH274278,22,5
JFA212616,13,1
JFA212616,16,2
JFA212616,17,3
JFA212616,9,4
JFA212616,2,5
JFA212616,24,1
JFA212616,23,2
JFA212616,26,3
JFA212616,22,4
JFA212616,25,5
HOA227359,3,1
HOA227359,10,2
HOA227359,20,3
HOA227359,7,4
HOA227359,4,5
HOA227359,22,1
HOA227359,23,2
HOA227359,24,3
HOA227359,25,4
HOA227359,26,5
NRM225312,15,1
NRM225312,12,2
NRM225312,11,3
NRM225312,18,4
NRM225312,19,5
NRM225312,25,1
NRM225312,26,2
NRM225312,24,3
NRM225312,23,4
NRM225312,22,5
KXD273812,1,1
KXD273812,9,2
KXD273812,18,3
KXD273812,17,4
KXD273812,5,5
KXD273812,22,1
KXD273812,26,2
KXD273812,23,3
KXD273812,24,4
KXD273812,25,5
MHB218141,6,1
MHB218141,16,2
MHB218141,4,3
MHB218141,10,4
MHB218141,2,5
MHB218141,26,1
MHB218141,25,2
MHB218141,22,3
MHB218141,24,4
MHB218141,23,5
IYL245603,16,1
IYL245603,19,2
IYL245603,2,3
IYL245603,13,4
IYL245603,9,5
IYL245603,22,1
IYL245603,25,2
IYL245603,24,3
IYL245603,23,4
IYL245603,26,5
DMF299881,20,1
DMF299881,15,2
DMF299881,5,3
DMF299881,19,4
DMF299881,2,5
DMF299881,23,1
DMF299881,26,2
DMF299881,24,3
DMF299881,25,4
DMF299881,22,5
MTW299317,7,1
MTW299317,18,2
MTW299317,17,3
MTW299317,9,4
MTW299317,16,5
MTW299317,26,1
MTW299317,23,2
MTW299317,24,3
MTW299317,22,4
MTW299317,25,5
TGT276415,13,1
TGT276415,8,2
TGT276415,20,3
TGT276415,17,4
TGT276415,4,5
TGT276415,24,1
TGT276415,25,2
TGT276415,26,3
TGT276415,22,4
TGT276415,23,5
DBR226066,9,1
DBR226066,8,2
DBR226066,5,3
DBR226066,11,4
DBR226066,13,5
DBR226066,23,1
DBR226066,22,2
DBR226066,24,3
DBR226066,26,4
DBR226066,25,5
RJF254700,1,1
RJF254700,11,2
RJF254700,14,3
RJF254700,18,4
RJF254700,10,5
RJF254700,25,1
RJF254700,24,2
RJF254700,22,3
RJF254700,26,4
RJF254700,23,5
JTK217241,7,1
JTK217241,20,2
JTK217241,3,3
JTK217241,6,4
JTK217241,15,5
JTK217241,26,1
JTK217241,25,2
JTK217241,24,3
JTK217241,23,4
JTK217241,22,5
TXD232346,13,1
TXD232346,10,2
TXD232346,19,3
TXD232346,15,4
TXD232346,6,5
TXD232346,25,1
TXD232346,24,2
TXD232346,26,3
TXD232346,22,4
TXD232346,23,5
MFB260762,17,1
MFB260762,6,2
MFB260762,13,3
MFB260762,18,4
MFB260762,2,5
MFB260762,23,1
MFB260762,24,2
MFB260762,25,3
MFB260762,22,4
MFB260762,26,5
JJM218953,8,1
JJM218953,7,2
JJM218953,16,3
JJM218953,15,4
JJM218953,14,5
JJM218953,25,1
JJM218953,22,2
JJM218953,24,3
JJM218953,26,4
JJM218953,23,5
SGC271741,4,1
SGC271741,14,2
SGC271741,6,3
SGC271741,18,4
SGC271741,10,5
SGC271741,26,1
SGC271741,23,2
SGC271741,25,3
SGC271741,24,4
SGC271741,22,5
ACS212206,5,1
ACS212206,19,2
ACS212206,16,3
ACS212206,17,4
ACS212206,18,5
ACS212206,25,1
ACS212206,23,2
ACS212206,24,3
ACS212206,22,4
ACS212206,26,5
MZD225369,10,1
MZD225369,17,2
MZD225369,18,3
MZD225369,11,4
MZD225369,1,5
MZD225369,22,1
MZD225369,24,2
MZD225369,23,3
MZD225369,25,4
MZD225369,26,5
KVR223020,5,1
KVR223020,9,2
KVR223020,1,3
KVR223020,11,4
KVR223020,13,5
KVR223020,26,1
KVR223020,23,2
KVR223020,24,3
KVR223020,25,4
KVR223020,22,5
DWS278012,17,1
DWS278012,10,2
DWS278012,6,3
DWS278012,4,4
DWS278012,12,5
DWS278012,22,1
DWS278012,23,2
DWS278012,26,3
DWS278012,25,4
DWS278012,24,5
DXH263263,2,1
DXH263263,4,2
DXH263263,17,3
DXH263263,10,4
DXH263263,1,5
DXH263263,26,1
DXH263263,24,2
DXH263263,25,3
DXH263263,22,4
DXH263263,23,5
PYD226287,20,1
PYD226287,18,2
PYD226287,17,3
PYD226287,4,4
PYD226287,7,5
PYD226287,26,1
PYD226287,24,2
PYD226287,25,3
PYD226287,23,4
PYD226287,22,5
VJH218554,15,1
VJH218554,12,2
VJH218554,10,3
VJH218554,11,4
VJH218554,7,5
VJH218554,26,1
VJH218554,22,2
VJH218554,23,3
VJH218554,25,4
VJH218554,24,5
SUV291566,15,1
SUV291566,6,2
SUV291566,10,3
SUV291566,12,4
SUV291566,5,5
SUV291566,26,1
SUV291566,22,2
SUV291566,23,3
SUV291566,25,4
SUV291566,24,5
CMG272895,19,1
CMG272895,14,2
CMG272895,20,3
CMG272895,11,4
CMG272895,8,5
CMG272895,23,1
CMG272895,22,2
CMG272895,24,3
CMG272895,26,4
CMG272895,25,5
JOR277616,15,1
JOR277616,7,2
JOR277616,19,3
JOR277616,11,4
JOR277616,10,5
JOR277616,26,1
JOR277616,24,2
JOR277616,23,3
JOR277616,25,4
JOR277616,22,5
HEH276379,14,1
HEH276379,19,2
HEH276379,13,3
HEH276379,11,4
HEH276379,18,5
HEH276379,25,1
HEH276379,26,2
HEH276379,23,3
HEH276379,22,4
HEH276379,24,5
DLL262242,5,1
DLL262242,16,2
DLL262242,14,3
DLL262242,20,4
DLL262242,3,5
DLL262242,23,1
DLL262242,25,2
DLL262242,26,3
DLL262242,24,4
DLL262242,22,5
RLC259558,3,1
RLC259558,5,2
RLC259558,17,3
RLC259558,9,4
RLC259558,15,5
RLC259558,26,1
RLC259558,22,2
RLC259558,24,3
RLC259558,25,4
RLC259558,23,5
RSM261925,19,1
RSM261925,6,2
RSM261925,2,3
RSM261925,10,4
RSM261925,1,5
RSM261925,24,1
RSM261925,25,2
RSM261925,22,3
RSM261925,26,4
RSM261925,23,5
NIG236418,15,1
NIG236418,6,2
NIG236418,7,3
NIG236418,12,4
NIG236418,2,5
NIG236418,24,1
NIG236418,22,2
NIG236418,25,3
NIG236418,26,4
NIG236418,23,5
CYA252264,17,1
CYA252264,2,2
CYA252264,4,3
CYA252264,12,4
CYA252264,14,5
CYA252264,26,1
CYA252264,24,2
CYA252264,23,3
CYA252264,25,4
CYA252264,22,5
GYP212881,3,1
GYP212881,1,2
GYP212881,14,3
GYP212881,4,4
GYP212881,17,5
GYP212881,25,1
GYP212881,24,2
GYP212881,22,3
GYP212881,23,4
GYP212881,26,5
JTR225307,11,1
JTR225307,9,2
JTR225307,6,3
JTR225307,3,4
JTR225307,19,5
JTR225307,22,1
JTR225307,25,2
JTR225307,23,3
JTR225307,24,4
JTR225307,26,5
RGJ233847,3,1
RGJ233847,20,2
RGJ233847,9,3
RGJ233847,15,4
RGJ233847,1,5
RGJ233847,25,1
RGJ233847,23,2
RGJ233847,24,3
RGJ233847,22,4
RGJ233847,26,5
VMF287111,10,1
VMF287111,13,2
VMF287111,2,3
VMF287111,3,4
VMF287111,12,5
VMF287111,26,1
VMF287111,24,2
VMF287111,22,3
VMF287111,23,4
VMF287111,25,5
DMB284907,19,1
DMB284907,8,2
DMB284907,16,3
DMB284907,13,4
DMB284907,3,5
DMB284907,26,1
DMB284907,24,2
DMB284907,23,3
DMB284907,25,4
DMB284907,22,5
BBL204855,5,1
BBL204855,1,2
BBL204855,6,3
BBL204855,2,4
BBL204855,10,5
BBL204855,22,1
BBL204855,25,2
BBL204855,24,3
BBL204855,26,4
BBL204855,23,5
HHB213937,3,1
HHB213937,4,2
HHB213937,9,3
HHB213937,5,4
HHB213937,14,5
HHB213937,23,1
HHB213937,24,2
HHB213937,25,3
HHB213937,22,4
HHB213937,26,5
MUF231934,16,1
MUF231934,5,2
MUF231934,7,3
MUF231934,19,4
MUF231934,9,5
MUF231934,26,1
MUF231934,25,2
MUF231934,23,3
MUF231934,22,4
MUF231934,24,5
BTC280024,18,1
BTC280024,17,2
BTC280024,8,3
BTC280024,15,4
BTC280024,7,5
BTC280024,24,1
BTC280024,22,2
BTC280024,25,3
BTC280024,26,4
BTC280024,23,5
EBC289816,14,1
EBC289816,7,2
EBC289816,11,3
EBC289816,8,4
EBC289816,4,5
EBC289816,24,1
EBC289816,23,2
EBC289816,22,3
EBC289816,26,4
EBC289816,25,5
LSW226208,12,1
LSW226208,9,2
LSW226208,7,3
LSW226208,11,4
LSW226208,5,5
LSW226208,22,1
LSW226208,26,2
LSW226208,23,3
LSW226208,25,4
LSW226208,24,5
IHH261018,16,1
IHH261018,17,2
IHH261018,2,3
IHH261018,14,4
IHH261018,13,5
IHH261018,25,1
IHH261018,22,2
IHH261018,23,3
IHH261018,24,4
IHH261018,26,5
VGB210890,15,1
VGB210890,1,2
VGB210890,3,3
VGB210890,13,4
VGB210890,11,5
VGB210890,26,1
VGB210890,22,2
VGB210890,23,3
VGB210890,24,4
VGB210890,25,5
HKM291495,7,1
HKM291495,5,2
HKM291495,11,3
HKM291495,8,4
HKM291495,4,5
HKM291495,25,1
HKM291495,23,2
HKM291495,24,3
HKM291495,22,4
HKM291495,26,5
RBT246230,18,1
RBT246230,20,2
RBT246230,10,3
RBT246230,15,4
RBT246230,12,5
RBT246230,22,1
RBT246230,23,2
RBT246230,25,3
RBT246230,26,4
RBT246230,24,5
PDK251207,5,1
PDK251207,16,2
PDK251207,12,3
PDK251207,14,4
PDK251207,15,5
PDK251207,22,1
PDK251207,24,2
PDK251207,26,3
PDK251207,25,4
PDK251207,23,5
DUV230451,10,1
DUV230451,2,2
DUV230451,5,3
DUV230451,12,4
DUV230451,20,5
DUV230451,25,1
DUV230451,23,2
DUV230451,24,3
DUV230451,22,4
DUV230451,26,5
MVM223891,11,1
MVM223891,19,2
MVM223891,5,3
MVM223891,15,4
MVM223891,9,5
MVM223891,24,1
MVM223891,23,2
MVM223891,22,3
MVM223891,26,4
MVM223891,25,5
KFT245068,18,1
KFT245068,17,2
KFT245068,11,3
KFT245068,10,4
KFT245068,16,5
KFT245068,24,1
KFT245068,23,2
KFT245068,26,3
KFT245068,25,4
KFT245068,22,5
TEC290327,20,1
TEC290327,7,2
TEC290327,17,3
TEC290327,8,4
TEC290327,9,5
TEC290327,23,1
TEC290327,22,2
TEC290327,25,3
TEC290327,26,4
TEC290327,24,5
LTJ267081,12,1
LTJ267081,10,2
LTJ267081,15,3
LTJ267081,3,4
LTJ267081,7,5
LTJ267081,25,1
LTJ267081,26,2
LTJ267081,23,3
LTJ267081,24,4
LTJ267081,22,5
BSH295420,19,1
BSH295420,13,2
BSH295420,3,3
BSH295420,1,4
BSH295420,14,5
BSH295420,24,1
BSH295420,25,2
BSH295420,22,3
BSH295420,23,4
BSH295420,26,5
DPM226117,14,1
DPM226117,6,2
DPM226117,16,3
DPM226117,8,4
DPM226117,1,5
DPM226117,22,1
DPM226117,24,2
DPM226117,23,3
DPM226117,26,4
DPM226117,25,5
CUF276161,5,1
CUF276161,12,2
CUF276161,6,3
CUF276161,2,4
CUF276161,9,5
CUF276161,24,1
CUF276161,25,2
CUF276161,26,3
CUF276161,23,4
CUF276161,22,5
EQE237992,10,1
EQE237992,12,2
EQE237992,16,3
EQE237992,14,4
EQE237992,11,5
EQE237992,23,1
EQE237992,22,2
EQE237992,25,3
EQE237992,24,4
EQE237992,26,5
LDS224696,4,1
LDS224696,8,2
LDS224696,5,3
LDS224696,18,4
LDS224696,19,5
LDS224696,24,1
LDS224696,23,2
LDS224696,22,3
LDS224696,26,4
LDS224696,25,5
RYP255680,2,1
RYP255680,16,2
RYP255680,4,3
RYP255680,9,4
RYP255680,20,5
RYP255680,22,1
RYP255680,24,2
RYP255680,25,3
RYP255680,26,4
RYP255680,23,5
HVB216225,9,1
HVB216225,19,2
HVB216225,12,3
HVB216225,18,4
HVB216225,6,5
HVB216225,26,1
HVB216225,23,2
HVB216225,24,3
HVB216225,22,4
HVB216225,25,5
JJM275777,4,1
JJM275777,17,2
JJM275777,5,3
JJM275777,16,4
JJM275777,12,5
JJM275777,24,1
JJM275777,22,2
JJM275777,25,3
JJM275777,23,4
JJM275777,26,5
DJN215167,3,1
DJN215167,4,2
DJN215167,5,3
DJN215167,13,4
DJN215167,17,5
DJN215167,26,1
DJN215167,22,2
DJN215167,24,3
DJN215167,25,4
DJN215167,23,5
SML247672,1,1
SML247672,4,2
SML247672,2,3
SML247672,3,4
SML247672,16,5
SML247672,22,1
SML247672,23,2
SML247672,25,3
SML247672,24,4
SML247672,26,5
BQD239682,15,1
BQD239682,20,2
BQD239682,2,3
BQD239682,18,4
BQD239682,6,5
BQD239682,26,1
BQD239682,24,2
BQD239682,25,3
BQD239682,22,4
BQD239682,23,5
GYM256450,14,1
GYM256450,12,2
GYM256450,19,3
GYM256450,20,4
GYM256450,18,5
GYM256450,22,1
GYM256450,23,2
GYM256450,26,3
GYM256450,24,4
GYM256450,25,5
SJA277664,4,1
SJA277664,7,2
SJA277664,11,3
SJA277664,16,4
SJA277664,18,5
SJA277664,23,1
SJA277664,24,2
SJA277664,26,3
SJA277664,25,4
SJA277664,22,5
DJO265136,19,1
DJO265136,11,2
DJO265136,9,3
DJO265136,3,4
DJO265136,16,5
DJO265136,25,1
DJO265136,23,2
DJO265136,26,3
DJO265136,22,4
DJO265136,24,5
KGL266144,5,1
KGL266144,8,2
KGL266144,20,3
KGL266144,10,4
KGL266144,14,5
KGL266144,25,1
KGL266144,24,2
KGL266144,22,3
KGL266144,26,4
KGL266144,23,5
JTH234987,6,1
JTH234987,9,2
JTH234987,5,3
JTH234987,1,4
JTH234987,19,5
JTH234987,24,1
JTH234987,23,2
JTH234987,26,3
JTH234987,22,4
JTH234987,25,5
ITT202609,4,1
ITT202609,17,2
ITT202609,19,3
ITT202609,9,4
ITT202609,16,5
ITT202609,22,1
ITT202609,23,2
ITT202609,24,3
ITT202609,26,4
ITT202609,25,5
TND243160,16,1
TND243160,18,2
TND243160,12,3
TND243160,4,4
TND243160,11,5
TND243160,26,1
TND243160,25,2
TND243160,23,3
TND243160,22,4
TND243160,24,5
EJF218993,8,1
EJF218993,10,2
EJF218993,7,3
EJF218993,6,4
EJF218993,15,5
EJF218993,24,1
EJF218993,25,2
EJF218993,22,3
EJF218993,23,4
EJF218993,26,5
KKS264447,15,1
KKS264447,5,2
KKS264447,1,3
KKS264447,13,4
KKS264447,7,5
KKS264447,24,1
KKS264447,26,2
KKS264447,25,3
KKS264447,22,4
KKS264447,23,5
AUW220686,19,1
AUW220686,8,2
AUW220686,1,3
AUW220686,18,4
AUW220686,20,5
AUW220686,22,1
AUW220686,25,2
AUW220686,26,3
AUW220686,23,4
AUW220686,24,5
MEN206525,14,1
MEN206525,7,2
MEN206525,19,3
MEN206525,10,4
MEN206525,18,5
MEN206525,25,1
MEN206525,23,2
MEN206525,26,3
MEN206525,22,4
MEN206525,24,5
AHS238036,20,1
AHS238036,2,2
AHS238036,1,3
AHS238036,9,4
AHS238036,13,5
AHS238036,24,1
AHS238036,25,2
AHS238036,26,3
AHS238036,23,4
AHS238036,22,5
BQB273342,9,1
BQB273342,20,2
BQB273342,17,3
BQB273342,11,4
BQB273342,14,5
BQB273342,23,1
BQB273342,24,2
BQB273342,25,3
BQB273342,26,4
BQB273342,22,5
BHE272833,16,1
BHE272833,4,2
BHE272833,5,3
BHE272833,19,4
BHE272833,12,5
BHE272833,22,1
BHE272833,23,2
BHE272833,25,3
BHE272833,26,4
BHE272833,24,5
LGC298295,11,1
LGC298295,5,2
LGC298295,1,3
LGC298295,3,4
LGC298295,15,5
LGC298295,25,1
LGC298295,26,2
LGC298295,24,3
LGC298295,23,4
LGC298295,22,5
EKC243178,6,1
EKC243178,8,2
EKC243178,13,3
EKC243178,3,4
EKC243178,1,5
EKC243178,23,1
EKC243178,26,2
EKC243178,25,3
EKC243178,24,4
EKC243178,22,5
MNV284825,3,1
MNV284825,14,2
MNV284825,12,3
MNV284825,6,4
MNV284825,19,5
MNV284825,25,1
MNV284825,22,2
MNV284825,26,3
MNV284825,23,4
MNV284825,24,5
SPM288662,10,1
SPM288662,19,2
SPM288662,2,3
SPM288662,3,4
SPM288662,18,5
SPM288662,26,1
SPM288662,22,2
SPM288662,24,3
SPM288662,23,4
SPM288662,25,5
GIB212384,15,1
GIB212384,9,2
GIB212384,11,3
GIB212384,6,4
GIB212384,7,5
GIB212384,23,1
GIB212384,22,2
GIB212384,24,3
GIB212384,26,4
GIB212384,25,5
JFW256858,8,1
JFW256858,14,2
JFW256858,18,3
JFW256858,7,4
JFW256858,3,5
JFW256858,24,1
JFW256858,25,2
JFW256858,22,3
JFW256858,23,4
JFW256858,26,5
DWS202859,14,1
DWS202859,16,2
DWS202859,18,3
DWS202859,10,4
DWS202859,2,5
DWS202859,25,1
DWS202859,26,2
DWS202859,23,3
DWS202859,24,4
DWS202859,22,5
JKO293623,7,1
JKO293623,16,2
JKO293623,12,3
JKO293623,15,4
JKO293623,8,5
JKO293623,26,1
JKO293623,23,2
JKO293623,24,3
JKO293623,25,4
JKO293623,22,5
TNS217191,6,1
TNS217191,7,2
TNS217191,20,3
TNS217191,16,4
TNS217191,4,5
TNS217191,25,1
TNS217191,26,2
TNS217191,23,3
TNS217191,22,4
TNS217191,24,5
WIY272984,4,1
WIY272984,8,2
WIY272984,20,3
WIY272984,19,4
WIY272984,16,5
WIY272984,24,1
WIY272984,26,2
WIY272984,23,3
WIY272984,22,4
WIY272984,25,5
LOS219815,12,1
LOS219815,11,2
LOS219815,5,3
LOS219815,4,4
LOS219815,7,5
LOS219815,25,1
LOS219815,26,2
LOS219815,22,3
LOS219815,24,4
LOS219815,23,5
RLG244737,17,1
RLG244737,12,2
RLG244737,1,3
RLG244737,15,4
RLG244737,5,5
RLG244737,22,1
RLG244737,26,2
RLG244737,25,3
RLG244737,23,4
RLG244737,24,5
FBH252645,13,1
FBH252645,15,2
FBH252645,7,3
FBH252645,19,4
FBH252645,12,5
FBH252645,25,1
FBH252645,23,2
FBH252645,26,3
FBH252645,22,4
FBH252645,24,5
KEK270442,9,1
KEK270442,8,2
KEK270442,10,3
KEK270442,14,4
KEK270442,4,5
KEK270442,22,1
KEK270442,24,2
KEK270442,23,3
KEK270442,25,4
KEK270442,26,5
SAA206256,14,1
SAA206256,5,2
SAA206256,16,3
SAA206256,7,4
SAA206256,15,5
SAA206256,22,1
SAA206256,24,2
SAA206256,25,3
SAA206256,23,4
SAA206256,26,5
KWN234562,15,1
KWN234562,16,2
KWN234562,2,3
KWN234562,6,4
KWN234562,12,5
KWN234562,22,1
KWN234562,25,2
KWN234562,26,3
KWN234562,24,4
KWN234562,23,5
PLS274942,7,1
PLS274942,6,2
PLS274942,16,3
PLS274942,1,4
PLS274942,4,5
PLS274942,26,1
PLS274942,24,2
PLS274942,22,3
PLS274942,25,4
PLS274942,23,5
CZC263068,9,1
CZC263068,3,2
CZC263068,6,3
CZC263068,1,4
CZC263068,10,5
CZC263068,26,1
CZC263068,22,2
CZC263068,24,3
CZC263068,25,4
CZC263068,23,5
CYE281094,13,1
CYE281094,19,2
CYE281094,2,3
CYE281094,16,4
CYE281094,1,5
CYE281094,24,1
CYE281094,25,2
CYE281094,22,3
CYE281094,23,4
CYE281094,26,5
JDR269193,14,1
JDR269193,6,2
JDR269193,2,3
JDR269193,11,4
JDR269193,19,5
JDR269193,22,1
JDR269193,26,2
JDR269193,23,3
JDR269193,24,4
JDR269193,25,5
JML241948,4,1
JML241948,9,2
JML241948,2,3
JML241948,11,4
JML241948,15,5
JML241948,26,1
JML241948,25,2
JML241948,22,3
JML241948,23,4
JML241948,24,5
JRJ253411,15,1
JRJ253411,2,2
JRJ253411,1,3
JRJ253411,20,4
JRJ253411,10,5
JRJ253411,23,1
JRJ253411,22,2
JRJ253411,25,3
JRJ253411,26,4
JRJ253411,24,5
KLJ278363,13,1
KLJ278363,4,2
KLJ278363,5,3
KLJ278363,9,4
KLJ278363,14,5
KLJ278363,23,1
KLJ278363,24,2
KLJ278363,25,3
KLJ278363,26,4
KLJ278363,22,5
PKS298657,6,1
PKS298657,14,2
PKS298657,18,3
PKS298657,16,4
PKS298657,13,5
PKS298657,26,1
PKS298657,22,2
PKS298657,24,3
PKS298657,25,4
PKS298657,23,5
PMH288029,7,1
PMH288029,15,2
PMH288029,1,3
PMH288029,8,4
PMH288029,18,5
PMH288029,24,1
PMH288029,26,2
PMH288029,22,3
PMH288029,25,4
PMH288029,23,5
JLD294084,20,1
JLD294084,19,2
JLD294084,6,3
JLD294084,3,4
JLD294084,5,5
JLD294084,22,1
JLD294084,23,2
JLD294084,25,3
JLD294084,26,4
JLD294084,24,5
HRD225146,11,1
HRD225146,14,2
HRD225146,19,3
HRD225146,9,4
HRD225146,4,5
HRD225146,26,1
HRD225146,25,2
HRD225146,23,3
HRD225146,24,4
HRD225146,22,5
JRH294531,19,1
JRH294531,11,2
JRH294531,9,3
JRH294531,8,4
JRH294531,4,5
JRH294531,25,1
JRH294531,23,2
JRH294531,26,3
JRH294531,22,4
JRH294531,24,5
HTS268114,2,1
HTS268114,18,2
HTS268114,20,3
HTS268114,10,4
HTS268114,13,5
HTS268114,25,1
HTS268114,22,2
HTS268114,24,3
HTS268114,23,4
HTS268114,26,5
ANO278587,20,1
ANO278587,3,2
ANO278587,7,3
ANO278587,5,4
ANO278587,9,5
ANO278587,24,1
ANO278587,25,2
ANO278587,23,3
ANO278587,26,4
ANO278587,22,5
RJT231870,10,1
RJT231870,12,2
RJT231870,1,3
RJT231870,17,4
RJT231870,5,5
RJT231870,22,1
RJT231870,23,2
RJT231870,24,3
RJT231870,26,4
RJT231870,25,5
GGS245064,20,1
GGS245064,7,2
GGS245064,8,3
GGS245064,16,4
GGS245064,11,5
GGS245064,25,1
GGS245064,23,2
GGS245064,26,3
GGS245064,22,4
GGS245064,24,5
RDJ247555,11,1
RDJ247555,18,2
RDJ247555,8,3
RDJ247555,6,4
RDJ247555,7,5
RDJ247555,22,1
RDJ247555,23,2
RDJ247555,25,3
RDJ247555,26,4
RDJ247555,24,5
KDR288795,7,1
KDR288795,20,2
KDR288795,18,3
KDR288795,13,4
KDR288795,12,5
KDR288795,24,1
KDR288795,25,2
KDR288795,26,3
KDR288795,22,4
KDR288795,23,5
WEB280744,3,1
WEB280744,16,2
WEB280744,20,3
WEB280744,6,4
WEB280744,13,5
WEB280744,26,1
WEB280744,24,2
WEB280744,23,3
WEB280744,25,4
WEB280744,22,5
TPA242182,13,1
TPA242182,19,2
TPA242182,6,3
TPA242182,12,4
TPA242182,9,5
TPA242182,26,1
TPA242182,22,2
TPA242182,25,3
TPA242182,24,4
TPA242182,23,5
CQB258262,3,1
CQB258262,12,2
CQB258262,20,3
CQB258262,10,4
CQB258262,18,5
CQB258262,24,1
CQB258262,23,2
CQB258262,22,3
CQB258262,26,4
CQB258262,25,5
TVB247216,7,1
TVB247216,16,2
TVB247216,8,3
TVB247216,17,4
TVB247216,15,5
TVB247216,25,1
TVB247216,24,2
TVB247216,22,3
TVB247216,23,4
TVB247216,26,5
KRC256202,5,1
KRC256202,20,2
KRC256202,11,3
KRC256202,13,4
KRC256202,17,5
KRC256202,23,1
KRC256202,25,2
KRC256202,22,3
KRC256202,26,4
KRC256202,24,5
KUS262230,2,1
KUS262230,16,2
KUS262230,1,3
KUS262230,6,4
KUS262230,7,5
KUS262230,22,1
KUS262230,25,2
KUS262230,23,3
KUS262230,26,4
KUS262230,24,5
AAS238155,10,1
AAS238155,19,2
AAS238155,7,3
AAS238155,17,4
AAS238155,15,5
AAS238155,24,1
AAS238155,23,2
AAS238155,22,3
AAS238155,26,4
AAS238155,25,5
EKR208384,6,1
EKR208384,19,2
EKR208384,4,3
EKR208384,13,4
EKR208384,2,5
EKR208384,23,1
EKR208384,26,2
EKR208384,25,3
EKR208384,24,4
EKR208384,22,5
SYW291494,11,1
SYW291494,14,2
SYW291494,15,3
SYW291494,6,4
SYW291494,9,5
SYW291494,23,1
SYW291494,22,2
SYW291494,26,3
SYW291494,25,4
SYW291494,24,5
JGB283737,9,1
JGB283737,4,2
JGB283737,5,3
JGB283737,11,4
JGB283737,15,5
JGB283737,25,1
JGB283737,26,2
JGB283737,22,3
JGB283737,24,4
JGB283737,23,5
KFO293530,18,1
KFO293530,7,2
KFO293530,15,3
KFO293530,2,4
KFO293530,4,5
KFO293530,25,1
KFO293530,24,2
KFO293530,23,3
KFO293530,22,4
KFO293530,26,5
MLK206378,1,1
MLK206378,11,2
MLK206378,7,3
MLK206378,3,4
MLK206378,8,5
MLK206378,22,1
MLK206378,23,2
MLK206378,24,3
MLK206378,26,4
MLK206378,25,5
RUC254484,1,1
RUC254484,13,2
RUC254484,7,3
RUC254484,15,4
RUC254484,8,5
RUC254484,22,1
RUC254484,24,2
RUC254484,25,3
RUC254484,23,4
RUC254484,26,5
JPE208825,15,1
JPE208825,13,2
JPE208825,17,3
JPE208825,8,4
JPE208825,1,5
JPE208825,23,1
JPE208825,22,2
JPE208825,24,3
JPE208825,25,4
JPE208825,26,5
ABH230984,11,1
ABH230984,5,2
ABH230984,9,3
ABH230984,20,4
ABH230984,2,5
ABH230984,26,1
ABH230984,25,2
ABH230984,24,3
ABH230984,23,4
ABH230984,22,5
HBR230016,5,1
HBR230016,7,2
HBR230016,20,3
HBR230016,3,4
HBR230016,6,5
HBR230016,26,1
HBR230016,23,2
HBR230016,22,3
HBR230016,24,4
HBR230016,25,5
JHH295025,6,1
JHH295025,16,2
JHH295025,15,3
JHH295025,14,4
JHH295025,17,5
JHH295025,23,1
JHH295025,25,2
JHH295025,22,3
JHH295025,26,4
JHH295025,24,5
CXS210909,5,1
CXS210909,7,2
CXS210909,1,3
CXS210909,18,4
CXS210909,12,5
CXS210909,25,1
CXS210909,26,2
CXS210909,23,3
CXS210909,24,4
CXS210909,22,5
JCG250336,6,1
JCG250336,7,2
JCG250336,14,3
JCG250336,9,4
JCG250336,12,5
JCG250336,26,1
JCG250336,25,2
JCG250336,24,3
JCG250336,23,4
JCG250336,22,5
CHF285315,19,1
CHF285315,6,2
CHF285315,1,3
CHF285315,4,4
CHF285315,3,5
CHF285315,25,1
CHF285315,26,2
CHF285315,24,3
CHF285315,22,4
CHF285315,23,5
KJF255436,10,1
KJF255436,1,2
KJF255436,6,3
KJF255436,16,4
KJF255436,19,5
KJF255436,22,1
KJF255436,26,2
KJF255436,24,3
KJF255436,23,4
KJF255436,25,5
SLC285789,7,1
SLC285789,6,2
SLC285789,20,3
SLC285789,2,4
SLC285789,19,5
SLC285789,23,1
SLC285789,24,2
SLC285789,26,3
SLC285789,25,4
SLC285789,22,5
RDG283418,19,1
RDG283418,8,2
RDG283418,16,3
RDG283418,18,4
RDG283418,4,5
RDG283418,22,1
RDG283418,26,2
RDG283418,23,3
RDG283418,25,4
RDG283418,24,5
RTS212693,13,1
RTS212693,5,2
RTS212693,1,3
RTS212693,4,4
RTS212693,9,5
RTS212693,23,1
RTS212693,24,2
RTS212693,26,3
RTS212693,25,4
RTS212693,22,5
JKA286537,17,1
JKA286537,2,2
JKA286537,5,3
JKA286537,16,4
JKA286537,3,5
JKA286537,24,1
JKA286537,25,2
JKA286537,22,3
JKA286537,23,4
JKA286537,26,5
TVC263198,5,1
TVC263198,18,2
TVC263198,16,3
TVC263198,3,4
TVC263198,11,5
TVC263198,23,1
TVC263198,22,2
TVC263198,24,3
TVC263198,26,4
TVC263198,25,5
GNB294036,11,1
GNB294036,19,2
GNB294036,7,3
GNB294036,4,4
GNB294036,12,5
GNB294036,23,1
GNB294036,24,2
GNB294036,26,3
GNB294036,22,4
GNB294036,25,5
GKZ208111,18,1
GKZ208111,15,2
GKZ208111,11,3
GKZ208111,5,4
GKZ208111,10,5
GKZ208111,23,1
GKZ208111,25,2
GKZ208111,24,3
GKZ208111,26,4
GKZ208111,22,5
BZC278835,8,1
BZC278835,2,2
BZC278835,6,3
BZC278835,16,4
BZC278835,13,5
BZC278835,24,1
BZC278835,23,2
BZC278835,22,3
BZC278835,25,4
BZC278835,26,5
DML255369,10,1
DML255369,5,2
DML255369,7,3
DML255369,18,4
DML255369,17,5
DML255369,22,1
DML255369,24,2
DML255369,25,3
DML255369,26,4
DML255369,23,5
GBC249355,16,1
GBC249355,10,2
GBC249355,6,3
GBC249355,13,4
GBC249355,3,5
GBC249355,25,1
GBC249355,26,2
GBC249355,23,3
GBC249355,24,4
GBC249355,22,5
MUH201520,18,1
MUH201520,20,2
MUH201520,17,3
MUH201520,16,4
MUH201520,3,5
MUH201520,26,1
MUH201520,22,2
MUH201520,25,3
MUH201520,24,4
MUH201520,23,5
JKB278525,9,1
JKB278525,2,2
JKB278525,3,3
JKB278525,4,4
JKB278525,10,5
JKB278525,24,1
JKB278525,23,2
JKB278525,25,3
JKB278525,22,4
JKB278525,26,5
MZR239400,2,1
MZR239400,7,2
MZR239400,5,3
MZR239400,10,4
MZR239400,19,5
MZR239400,23,1
MZR239400,26,2
MZR239400,24,3
MZR239400,25,4
MZR239400,22,5
JMH216841,14,1
JMH216841,5,2
JMH216841,18,3
JMH216841,7,4
JMH216841,3,5
JMH216841,24,1
JMH216841,23,2
JMH216841,26,3
JMH216841,25,4
JMH216841,22,5
GML255009,8,1
GML255009,13,2
GML255009,4,3
GML255009,18,4
GML255009,6,5
GML255009,26,1
GML255009,24,2
GML255009,25,3
GML255009,23,4
GML255009,22,5
TRG269331,8,1
TRG269331,14,2
TRG269331,15,3
TRG269331,6,4
TRG269331,18,5
TRG269331,24,1
TRG269331,25,2
TRG269331,26,3
TRG269331,23,4
TRG269331,22,5
DJB256068,2,1
DJB256068,3,2
DJB256068,10,3
DJB256068,16,4
DJB256068,1,5
DJB256068,25,1
DJB256068,23,2
DJB256068,26,3
DJB256068,24,4
DJB256068,22,5
CXS253145,11,1
CXS253145,8,2
CXS253145,18,3
CXS253145,4,4
CXS253145,10,5
CXS253145,24,1
CXS253145,25,2
CXS253145,23,3
CXS253145,26,4
CXS253145,22,5
JUB200292,13,1
JUB200292,12,2
JUB200292,1,3
JUB200292,4,4
JUB200292,14,5
JUB200292,25,1
JUB200292,23,2
JUB200292,22,3
JUB200292,24,4
JUB200292,26,5
MIS216232,14,1
MIS216232,1,2
MIS216232,12,3
MIS216232,7,4
MIS216232,4,5
MIS216232,23,1
MIS216232,24,2
MIS216232,22,3
MIS216232,25,4
MIS216232,26,5
LGC255188,1,1
LGC255188,8,2
LGC255188,2,3
LGC255188,11,4
LGC255188,14,5
LGC255188,26,1
LGC255188,22,2
LGC255188,23,3
LGC255188,24,4
LGC255188,25,5
JTL236991,6,1
JTL236991,7,2
JTL236991,5,3
JTL236991,8,4
JTL236991,4,5
JTL236991,23,1
JTL236991,25,2
JTL236991,22,3
JTL236991,26,4
JTL236991,24,5
MBB219163,12,1
MBB219163,9,2
MBB219163,20,3
MBB219163,14,4
MBB219163,8,5
MBB219163,24,1
MBB219163,22,2
MBB219163,25,3
MBB219163,26,4
MBB219163,23,5
DTB206832,1,1
DTB206832,18,2
DTB206832,5,3
DTB206832,11,4
DTB206832,12,5
DTB206832,24,1
DTB206832,26,2
DTB206832,22,3
DTB206832,23,4
DTB206832,25,5
MUH276588,11,1
MUH276588,10,2
MUH276588,16,3
MUH276588,7,4
MUH276588,5,5
MUH276588,22,1
MUH276588,23,2
MUH276588,26,3
MUH276588,25,4
MUH276588,24,5
NWS299530,19,1
NWS299530,2,2
NWS299530,7,3
NWS299530,13,4
NWS299530,16,5
NWS299530,26,1
NWS299530,22,2
NWS299530,25,3
NWS299530,23,4
NWS299530,24,5
CFF273727,5,1
CFF273727,9,2
CFF273727,20,3
CFF273727,19,4
CFF273727,2,5
CFF273727,23,1
CFF273727,26,2
CFF273727,24,3
CFF273727,22,4
CFF273727,25,5
YKR285019,13,1
YKR285019,9,2
YKR285019,18,3
YKR285019,7,4
YKR285019,15,5
YKR285019,23,1
YKR285019,24,2
YKR285019,26,3
YKR285019,22,4
YKR285019,25,5
CLG220400,13,1
CLG220400,4,2
CLG220400,17,3
CLG220400,5,4
CLG220400,1,5
CLG220400,26,1
CLG220400,22,2
CLG220400,23,3
CLG220400,24,4
CLG220400,25,5
LBL214422,8,1
LBL214422,2,2
LBL214422,18,3
LBL214422,9,4
LBL214422,4,5
LBL214422,22,1
LBL214422,26,2
LBL214422,25,3
LBL214422,23,4
LBL214422,24,5
BAM267048,12,1
BAM267048,3,2
BAM267048,2,3
BAM267048,5,4
BAM267048,6,5
BAM267048,25,1
BAM267048,24,2
BAM267048,26,3
BAM267048,22,4
BAM267048,23,5
VDW219689,16,1
VDW219689,3,2
VDW219689,4,3
VDW219689,14,4
VDW219689,9,5
VDW219689,23,1
VDW219689,22,2
VDW219689,26,3
VDW219689,25,4
VDW219689,24,5
FWR250465,18,1
FWR250465,16,2
FWR250465,5,3
FWR250465,4,4
FWR250465,2,5
FWR250465,24,1
FWR250465,26,2
FWR250465,22,3
FWR250465,23,4
FWR250465,25,5
MBW218892,5,1
MBW218892,3,2
MBW218892,8,3
MBW218892,19,4
MBW218892,1,5
MBW218892,26,1
MBW218892,25,2
MBW218892,22,3
MBW218892,24,4
MBW218892,23,5
MJM297459,2,1
MJM297459,6,2
MJM297459,17,3
MJM297459,19,4
MJM297459,1,5
MJM297459,25,1
MJM297459,26,2
MJM297459,24,3
MJM297459,23,4
MJM297459,22,5
HFG274981,15,1
HFG274981,16,2
HFG274981,11,3
HFG274981,13,4
HFG274981,17,5
HFG274981,23,1
HFG274981,22,2
HFG274981,26,3
HFG274981,24,4
HFG274981,25,5
RYC235378,20,1
RYC235378,1,2
RYC235378,10,3
RYC235378,7,4
RYC235378,17,5
RYC235378,22,1
RYC235378,23,2
RYC235378,25,3
RYC235378,26,4
RYC235378,24,5
LJW273890,1,1
LJW273890,19,2
LJW273890,13,3
LJW273890,16,4
LJW273890,2,5
LJW273890,24,1
LJW273890,23,2
LJW273890,22,3
LJW273890,25,4
LJW273890,26,5
DGS282044,3,1
DGS282044,5,2
DGS282044,16,3
DGS282044,4,4
DGS282044,1,5
DGS282044,23,1
DGS282044,24,2
DGS282044,25,3
DGS282044,22,4
DGS282044,26,5
CFM212335,15,1
CFM212335,5,2
CFM212335,4,3
CFM212335,16,4
CFM212335,2,5
CFM212335,24,1
CFM212335,26,2
CFM212335,23,3
CFM212335,25,4
CFM212335,22,5
VKM257780,19,1
VKM257780,13,2
VKM257780,3,3
VKM257780,8,4
VKM257780,20,5
VKM257780,25,1
VKM257780,22,2
VKM257780,23,3
VKM257780,24,4
VKM257780,26,5
MDW284211,20,1
MDW284211,13,2
MDW284211,2,3
MDW284211,12,4
MDW284211,14,5
MDW284211,25,1
MDW284211,23,2
MDW284211,22,3
MDW284211,24,4
MDW284211,26,5
KCB299433,3,1
KCB299433,14,2
KCB299433,11,3
KCB299433,10,4
KCB299433,6,5
KCB299433,23,1
KCB299433,24,2
KCB299433,26,3
KCB299433,25,4
KCB299433,22,5
HWC270189,9,1
HWC270189,17,2
HWC270189,1,3
HWC270189,15,4
HWC270189,5,5
HWC270189,25,1
HWC270189,22,2
HWC270189,26,3
HWC270189,24,4
HWC270189,23,5
LGC255073,18,1
LGC255073,6,2
LGC255073,20,3
LGC255073,14,4
LGC255073,13,5
LGC255073,24,1
LGC255073,25,2
LGC255073,26,3
LGC255073,23,4
LGC255073,22,5
RNJ211484,16,1
RNJ211484,4,2
RNJ211484,12,3
RNJ211484,15,4
RNJ211484,14,5
RNJ211484,25,1
RNJ211484,22,2
RNJ211484,23,3
RNJ211484,26,4
RNJ211484,24,5
JNO235076,1,1
JNO235076,5,2
JNO235076,12,3
JNO235076,17,4
JNO235076,11,5
JNO235076,24,1
JNO235076,23,2
JNO235076,26,3
JNO235076,25,4
JNO235076,22,5
MBM272841,1,1
MBM272841,14,2
MBM272841,20,3
MBM272841,5,4
MBM272841,18,5
MBM272841,26,1
MBM272841,22,2
MBM272841,24,3
MBM272841,23,4
MBM272841,25,5
EYP297299,3,1
EYP297299,5,2
EYP297299,1,3
EYP297299,4,4
EYP297299,17,5
EYP297299,25,1
EYP297299,22,2
EYP297299,26,3
EYP297299,24,4
EYP297299,23,5
RLN234340,19,1
RLN234340,2,2
RLN234340,4,3
RLN234340,11,4
RLN234340,12,5
RLN234340,25,1
RLN234340,22,2
RLN234340,26,3
RLN234340,23,4
RLN234340,24,5
AYH225276,11,1
AYH225276,5,2
AYH225276,8,3
AYH225276,3,4
AYH225276,19,5
AYH225276,24,1
AYH225276,26,2
AYH225276,23,3
AYH225276,22,4
AYH225276,25,5
DNA245685,7,1
DNA245685,16,2
DNA245685,14,3
DNA245685,15,4
DNA245685,18,5
DNA245685,26,1
DNA245685,24,2
DNA245685,23,3
DNA245685,22,4
DNA245685,25,5
LUB256270,4,1
LUB256270,1,2
LUB256270,11,3
LUB256270,19,4
LUB256270,18,5
LUB256270,23,1
LUB256270,25,2
LUB256270,24,3
LUB256270,26,4
LUB256270,22,5
JQA273615,2,1
JQA273615,16,2
JQA273615,19,3
JQA273615,20,4
JQA273615,9,5
JQA273615,25,1
JQA273615,22,2
JQA273615,26,3
JQA273615,23,4
JQA273615,24,5
EAH278830,11,1
EAH278830,12,2
EAH278830,13,3
EAH278830,3,4
EAH278830,20,5
EAH278830,25,1
EAH278830,22,2
EAH278830,23,3
EAH278830,24,4
EAH278830,26,5
JDB264662,14,1
JDB264662,8,2
JDB264662,6,3
JDB264662,3,4
JDB264662,7,5
JDB264662,24,1
JDB264662,22,2
JDB264662,26,3
JDB264662,25,4
JDB264662,23,5
JIM205646,17,1
JIM205646,20,2
JIM205646,8,3
JIM205646,16,4
JIM205646,19,5
JIM205646,24,1
JIM205646,26,2
JIM205646,25,3
JIM205646,23,4
JIM205646,22,5
YLC212032,17,1
YLC212032,11,2
YLC212032,10,3
YLC212032,15,4
YLC212032,5,5
YLC212032,26,1
YLC212032,22,2
YLC212032,25,3
YLC212032,24,4
YLC212032,23,5
MYR250538,4,1
MYR250538,20,2
MYR250538,8,3
MYR250538,1,4
MYR250538,15,5
MYR250538,23,1
MYR250538,24,2
MYR250538,22,3
MYR250538,26,4
MYR250538,25,5
DLD246131,7,1
DLD246131,10,2
DLD246131,20,3
DLD246131,13,4
DLD246131,6,5
DLD246131,26,1
DLD246131,24,2
DLD246131,25,3
DLD246131,23,4
DLD246131,22,5
SHC214311,19,1
SHC214311,9,2
SHC214311,8,3
SHC214311,3,4
SHC214311,4,5
SHC214311,24,1
SHC214311,23,2
SHC214311,26,3
SHC214311,25,4
SHC214311,22,5
CWR251496,1,1
CWR251496,16,2
CWR251496,14,3
CWR251496,11,4
CWR251496,20,5
CWR251496,23,1
CWR251496,24,2
CWR251496,22,3
CWR251496,25,4
CWR251496,26,5
LPH277857,9,1
LPH277857,12,2
LPH277857,15,3
LPH277857,1,4
LPH277857,19,5
LPH277857,24,1
LPH277857,26,2
LPH277857,25,3
LPH277857,23,4
LPH277857,22,5
WHS235381,8,1
WHS235381,19,2
WHS235381,14,3
WHS235381,12,4
WHS235381,7,5
WHS235381,22,1
WHS235381,23,2
WHS235381,25,3
WHS235381,26,4
WHS235381,24,5
TFT282167,14,1
TFT282167,15,2
TFT282167,12,3
TFT282167,10,4
TFT282167,4,5
TFT282167,22,1
TFT282167,25,2
TFT282167,24,3
TFT282167,26,4
TFT282167,23,5
RRM289249,4,1
RRM289249,2,2
RRM289249,16,3
RRM289249,10,4
RRM289249,1,5
RRM289249,25,1
RRM289249,24,2
RRM289249,26,3
RRM289249,22,4
RRM289249,23,5
BQV232955,14,1
BQV232955,13,2
BQV232955,4,3
BQV232955,9,4
BQV232955,10,5
BQV232955,26,1
BQV232955,24,2
BQV232955,22,3
BQV232955,23,4
BQV232955,25,5
REW275781,14,1
REW275781,15,2
REW275781,20,3
REW275781,18,4
REW275781,19,5
REW275781,22,1
REW275781,26,2
REW275781,23,3
REW275781,25,4
REW275781,24,5
RLE280636,19,1
RLE280636,17,2
RLE280636,2,3
RLE280636,7,4
RLE280636,5,5
RLE280636,26,1
RLE280636,25,2
RLE280636,22,3
RLE280636,24,4
RLE280636,23,5
CZD239438,2,1
CZD239438,4,2
CZD239438,10,3
CZD239438,13,4
CZD239438,16,5
CZD239438,23,1
CZD239438,26,2
CZD239438,24,3
CZD239438,25,4
CZD239438,22,5
FFB286266,14,1
FFB286266,20,2
FFB286266,5,3
FFB286266,1,4
FFB286266,10,5
FFB286266,25,1
FFB286266,22,2
FFB286266,24,3
FFB286266,23,4
FFB286266,26,5
PVF276092,17,1
PVF276092,13,2
PVF276092,20,3
PVF276092,3,4
PVF276092,6,5
PVF276092,23,1
PVF276092,24,2
PVF276092,25,3
PVF276092,26,4
PVF276092,22,5
DJG293740,19,1
DJG293740,13,2
DJG293740,3,3
DJG293740,2,4
DJG293740,1,5
DJG293740,23,1
DJG293740,26,2
DJG293740,22,3
DJG293740,24,4
DJG293740,25,5
AYS289040,1,1
AYS289040,6,2
AYS289040,11,3
AYS289040,4,4
AYS289040,15,5
AYS289040,25,1
AYS289040,23,2
AYS289040,24,3
AYS289040,22,4
AYS289040,26,5
SGM233095,4,1
SGM233095,7,2
SGM233095,2,3
SGM233095,5,4
SGM233095,1,5
SGM233095,24,1
SGM233095,25,2
SGM233095,26,3
SGM233095,22,4
SGM233095,23,5
MPD224288,18,1
MPD224288,11,2
MPD224288,1,3
MPD224288,8,4
MPD224288,10,5
MPD224288,24,1
MPD224288,25,2
MPD224288,26,3
MPD224288,23,4
MPD224288,22,5
JQF220691,5,1
JQF220691,7,2
JQF220691,18,3
JQF220691,11,4
JQF220691,2,5
JQF220691,23,1
JQF220691,25,2
JQF220691,22,3
JQF220691,24,4
JQF220691,26,5
LCA209275,1,1
LCA209275,18,2
LCA209275,16,3
LCA209275,2,4
LCA209275,13,5
LCA209275,25,1
LCA209275,23,2
LCA209275,26,3
LCA209275,24,4
LCA209275,22,5
DLI215149,18,1
DLI215149,19,2
DLI215149,2,3
DLI215149,1,4
DLI215149,8,5
DLI215149,22,1
DLI215149,26,2
DLI215149,25,3
DLI215149,24,4
DLI215149,23,5
LUV223670,9,1
LUV223670,18,2
LUV223670,7,3
LUV223670,16,4
LUV223670,12,5
LUV223670,23,1
LUV223670,25,2
LUV223670,24,3
LUV223670,26,4
LUV223670,22,5
LIS272273,4,1
LIS272273,12,2
LIS272273,5,3
LIS272273,2,4
LIS272273,8,5
LIS272273,25,1
LIS272273,26,2
LIS272273,22,3
LIS272273,24,4
LIS272273,23,5
MCB204424,2,1
MCB204424,18,2
MCB204424,12,3
MCB204424,1,4
MCB204424,11,5
MCB204424,24,1
MCB204424,23,2
MCB204424,22,3
MCB204424,25,4
MCB204424,26,5
RXB256039,2,1
RXB256039,9,2
RXB256039,12,3
RXB256039,19,4
RXB256039,17,5
RXB256039,26,1
RXB256039,22,2
RXB256039,25,3
RXB256039,23,4
RXB256039,24,5
EAJ234670,3,1
EAJ234670,15,2
EAJ234670,6,3
EAJ234670,9,4
EAJ234670,17,5
EAJ234670,24,1
EAJ234670,25,2
EAJ234670,22,3
EAJ234670,26,4
EAJ234670,23,5
JFM219254,4,1
JFM219254,3,2
JFM219254,17,3
JFM219254,15,4
JFM219254,20,5
JFM219254,26,1
JFM219254,22,2
JFM219254,25,3
JFM219254,24,4
JFM219254,23,5
BCC274758,5,1
BCC274758,19,2
BCC274758,1,3
BCC274758,4,4
BCC274758,7,5
BCC274758,24,1
BCC274758,26,2
BCC274758,22,3
BCC274758,23,4
BCC274758,25,5
JCM286122,20,1
JCM286122,16,2
JCM286122,17,3
JCM286122,18,4
JCM286122,15,5
JCM286122,24,1
JCM286122,26,2
JCM286122,22,3
JCM286122,23,4
JCM286122,25,5
RHD243081,15,1
RHD243081,14,2
RHD243081,8,3
RHD243081,5,4
RHD243081,18,5
RHD243081,25,1
RHD243081,23,2
RHD243081,24,3
RHD243081,26,4
RHD243081,22,5
DQP244770,13,1
DQP244770,18,2
DQP244770,8,3
DQP244770,10,4
DQP244770,4,5
DQP244770,24,1
DQP244770,26,2
DQP244770,25,3
DQP244770,22,4
DQP244770,23,5
CUT209666,15,1
CUT209666,13,2
CUT209666,11,3
CUT209666,20,4
CUT209666,6,5
CUT209666,26,1
CUT209666,24,2
CUT209666,22,3
CUT209666,25,4
CUT209666,23,5
LQD264656,12,1
LQD264656,10,2
LQD264656,6,3
LQD264656,4,4
LQD264656,19,5
LQD264656,24,1
LQD264656,25,2
LQD264656,23,3
LQD264656,22,4
LQD264656,26,5
CHE237811,17,1
CHE237811,5,2
CHE237811,15,3
CHE237811,10,4
CHE237811,4,5
CHE237811,22,1
CHE237811,25,2
CHE237811,23,3
CHE237811,24,4
CHE237811,26,5
ADY211385,17,1
ADY211385,11,2
ADY211385,9,3
ADY211385,15,4
ADY211385,3,5
ADY211385,24,1
ADY211385,22,2
ADY211385,23,3
ADY211385,25,4
ADY211385,26,5
MHH224955,6,1
MHH224955,2,2
MHH224955,14,3
MHH224955,9,4
MHH224955,13,5
MHH224955,26,1
MHH224955,23,2
MHH224955,24,3
MHH224955,25,4
MHH224955,22,5
JJA269528,10,1
JJA269528,14,2
JJA269528,15,3
JJA269528,11,4
JJA269528,8,5
JJA269528,25,1
JJA269528,22,2
JJA269528,26,3
JJA269528,23,4
JJA269528,24,5
EEW286587,18,1
EEW286587,11,2
EEW286587,9,3
EEW286587,19,4
EEW286587,14,5
EEW286587,25,1
EEW286587,26,2
EEW286587,23,3
EEW286587,24,4
EEW286587,22,5
GUO207160,20,1
GUO207160,11,2
GUO207160,5,3
GUO207160,1,4
GUO207160,17,5
GUO207160,25,1
GUO207160,22,2
GUO207160,24,3
GUO207160,23,4
GUO207160,26,5
JLM272468,18,1
JLM272468,8,2
JLM272468,1,3
JLM272468,2,4
JLM272468,20,5
JLM272468,26,1
JLM272468,22,2
JLM272468,24,3
JLM272468,23,4
JLM272468,25,5
PUW205542,13,1
PUW205542,5,2
PUW205542,9,3
PUW205542,3,4
PUW205542,17,5
PUW205542,22,1
PUW205542,25,2
PUW205542,26,3
PUW205542,24,4
PUW205542,23,5
LJS212524,19,1
LJS212524,16,2
LJS212524,13,3
LJS212524,10,4
LJS212524,14,5
LJS212524,22,1
LJS212524,23,2
LJS212524,25,3
LJS212524,24,4
LJS212524,26,5
JXT237279,13,1
JXT237279,8,2
JXT237279,15,3
JXT237279,12,4
JXT237279,16,5
JXT237279,26,1
JXT237279,22,2
JXT237279,24,3
JXT237279,23,4
JXT237279,25,5
RPR218844,7,1
RPR218844,18,2
RPR218844,16,3
RPR218844,19,4
RPR218844,11,5
RPR218844,23,1
RPR218844,24,2
RPR218844,26,3
RPR218844,25,4
RPR218844,22,5
VYM213768,14,1
VYM213768,16,2
VYM213768,6,3
VYM213768,17,4
VYM213768,19,5
VYM213768,23,1
VYM213768,25,2
VYM213768,26,3
VYM213768,22,4
VYM213768,24,5
MVG215411,3,1
MVG215411,1,2
MVG215411,10,3
MVG215411,7,4
MVG215411,17,5
MVG215411,22,1
MVG215411,25,2
MVG215411,23,3
MVG215411,26,4
MVG215411,24,5
LUT281916,9,1
LUT281916,18,2
LUT281916,19,3
LUT281916,7,4
LUT281916,3,5
LUT281916,26,1
LUT281916,23,2
LUT281916,22,3
LUT281916,24,4
LUT281916,25,5
LQA223373,20,1
LQA223373,5,2
LQA223373,19,3
LQA223373,6,4
LQA223373,16,5
LQA223373,22,1
LQA223373,24,2
LQA223373,26,3
LQA223373,25,4
LQA223373,23,5
RJE267070,5,1
RJE267070,14,2
RJE267070,18,3
RJE267070,15,4
RJE267070,16,5
RJE267070,24,1
RJE267070,22,2
RJE267070,26,3
RJE267070,23,4
RJE267070,25,5
AYB223332,11,1
AYB223332,4,2
AYB223332,12,3
AYB223332,9,4
AYB223332,1,5
AYB223332,26,1
AYB223332,24,2
AYB223332,22,3
AYB223332,23,4
AYB223332,25,5
JIG252205,5,1
JIG252205,3,2
JIG252205,14,3
JIG252205,4,4
JIG252205,2,5
JIG252205,25,1
JIG252205,22,2
JIG252205,23,3
JIG252205,26,4
JIG252205,24,5
SKC225451,9,1
SKC225451,7,2
SKC225451,17,3
SKC225451,14,4
SKC225451,6,5
SKC225451,22,1
SKC225451,24,2
SKC225451,23,3
SKC225451,25,4
SKC225451,26,5
JSP244754,3,1
JSP244754,6,2
JSP244754,11,3
JSP244754,1,4
JSP244754,19,5
JSP244754,22,1
JSP244754,23,2
JSP244754,24,3
JSP244754,25,4
JSP244754,26,5
DGH210652,10,1
DGH210652,9,2
DGH210652,15,3
DGH210652,19,4
DGH210652,3,5
DGH210652,25,1
DGH210652,24,2
DGH210652,26,3
DGH210652,23,4
DGH210652,22,5
PFH284125,4,1
PFH284125,17,2
PFH284125,6,3
PFH284125,16,4
PFH284125,5,5
PFH284125,25,1
PFH284125,24,2
PFH284125,23,3
PFH284125,26,4
PFH284125,22,5
EAW242253,19,1
EAW242253,14,2
EAW242253,13,3
EAW242253,16,4
EAW242253,8,5
EAW242253,24,1
EAW242253,26,2
EAW242253,25,3
EAW242253,23,4
EAW242253,22,5
CHS288939,5,1
CHS288939,20,2
CHS288939,11,3
CHS288939,2,4
CHS288939,3,5
CHS288939,24,1
CHS288939,23,2
CHS288939,25,3
CHS288939,26,4
CHS288939,22,5
MFP221671,18,1
MFP221671,13,2
MFP221671,7,3
MFP221671,16,4
MFP221671,19,5
MFP221671,25,1
MFP221671,23,2
MFP221671,22,3
MFP221671,26,4
MFP221671,24,5
GJB241727,1,1
GJB241727,13,2
GJB241727,3,3
GJB241727,8,4
GJB241727,5,5
GJB241727,25,1
GJB241727,23,2
GJB241727,22,3
GJB241727,24,4
GJB241727,26,5
ENL257068,9,1
ENL257068,14,2
ENL257068,6,3
ENL257068,18,4
ENL257068,13,5
ENL257068,26,1
ENL257068,22,2
ENL257068,23,3
ENL257068,25,4
ENL257068,24,5
EZS289923,17,1
EZS289923,12,2
EZS289923,16,3
EZS289923,11,4
EZS289923,19,5
EZS289923,22,1
EZS289923,23,2
EZS289923,25,3
EZS289923,24,4
EZS289923,26,5
SSM219711,15,1
SSM219711,10,2
SSM219711,2,3
SSM219711,4,4
SSM219711,16,5
SSM219711,25,1
SSM219711,24,2
SSM219711,22,3
SSM219711,23,4
SSM219711,26,5
MAR255797,15,1
MAR255797,11,2
MAR255797,10,3
MAR255797,2,4
MAR255797,4,5
MAR255797,24,1
MAR255797,22,2
MAR255797,26,3
MAR255797,23,4
MAR255797,25,5
AEG222968,14,1
AEG222968,13,2
AEG222968,1,3
AEG222968,6,4
AEG222968,9,5
AEG222968,22,1
AEG222968,25,2
AEG222968,26,3
AEG222968,24,4
AEG222968,23,5
GSM239741,6,1
GSM239741,10,2
GSM239741,9,3
GSM239741,1,4
GSM239741,14,5
GSM239741,23,1
GSM239741,22,2
GSM239741,26,3
GSM239741,25,4
GSM239741,24,5
LKH235003,11,1
LKH235003,18,2
LKH235003,13,3
LKH235003,16,4
LKH235003,1,5
LKH235003,24,1
LKH235003,26,2
LKH235003,23,3
LKH235003,25,4
LKH235003,22,5
BRG219893,10,1
BRG219893,11,2
BRG219893,15,3
BRG219893,18,4
BRG219893,1,5
BRG219893,23,1
BRG219893,26,2
BRG219893,24,3
BRG219893,25,4
BRG219893,22,5
JXC254446,9,1
JXC254446,11,2
JXC254446,12,3
JXC254446,4,4
JXC254446,19,5
JXC254446,26,1
JXC254446,25,2
JXC254446,22,3
JXC254446,23,4
JXC254446,24,5
AFD299198,14,1
AFD299198,20,2
AFD299198,19,3
AFD299198,7,4
AFD299198,1,5
AFD299198,26,1
AFD299198,23,2
AFD299198,22,3
AFD299198,24,4
AFD299198,25,5
AUR202992,20,1
AUR202992,13,2
AUR202992,18,3
AUR202992,17,4
AUR202992,7,5
AUR202992,23,1
AUR202992,25,2
AUR202992,26,3
AUR202992,22,4
AUR202992,24,5
KAG261888,13,1
KAG261888,3,2
KAG261888,14,3
KAG261888,9,4
KAG261888,4,5
KAG261888,26,1
KAG261888,22,2
KAG261888,23,3
KAG261888,24,4
KAG261888,25,5
MBR238399,16,1
MBR238399,7,2
MBR238399,9,3
MBR238399,4,4
MBR238399,11,5
MBR238399,22,1
MBR238399,25,2
MBR238399,24,3
MBR238399,23,4
MBR238399,26,5
HKB299218,12,1
HKB299218,19,2
HKB299218,20,3
HKB299218,10,4
HKB299218,17,5
HKB299218,23,1
HKB299218,24,2
HKB299218,26,3
HKB299218,25,4
HKB299218,22,5
WMF220242,13,1
WMF220242,16,2
WMF220242,6,3
WMF220242,12,4
WMF220242,5,5
WMF220242,26,1
WMF220242,24,2
WMF220242,25,3
WMF220242,23,4
WMF220242,22,5
KPV263602,10,1
KPV263602,7,2
KPV263602,8,3
KPV263602,5,4
KPV263602,9,5
KPV263602,26,1
KPV263602,22,2
KPV263602,24,3
KPV263602,25,4
KPV263602,23,5
JAG265377,19,1
JAG265377,17,2
JAG265377,8,3
JAG265377,18,4
JAG265377,9,5
JAG265377,23,1
JAG265377,26,2
JAG265377,22,3
JAG265377,25,4
JAG265377,24,5
RGR205273,15,1
RGR205273,3,2
RGR205273,16,3
RGR205273,7,4
RGR205273,4,5
RGR205273,26,1
RGR205273,23,2
RGR205273,24,3
RGR205273,25,4
RGR205273,22,5
BDT274623,10,1
BDT274623,9,2
BDT274623,18,3
BDT274623,8,4
BDT274623,11,5
BDT274623,24,1
BDT274623,26,2
BDT274623,25,3
BDT274623,23,4
BDT274623,22,5
WQB299170,17,1
WQB299170,16,2
WQB299170,4,3
WQB299170,10,4
WQB299170,7,5
WQB299170,26,1
WQB299170,23,2
WQB299170,25,3
WQB299170,22,4
WQB299170,24,5
EFT251935,15,1
EFT251935,10,2
EFT251935,14,3
EFT251935,13,4
EFT251935,18,5
EFT251935,22,1
EFT251935,25,2
EFT251935,26,3
EFT251935,23,4
EFT251935,24,5
RAM284645,20,1
RAM284645,17,2
RAM284645,15,3
RAM284645,9,4
RAM284645,4,5
RAM284645,22,1
RAM284645,23,2
RAM284645,26,3
RAM284645,25,4
RAM284645,24,5
GYR294537,4,1
GYR294537,2,2
GYR294537,11,3
GYR294537,9,4
GYR294537,12,5
GYR294537,25,1
GYR294537,24,2
GYR294537,22,3
GYR294537,23,4
GYR294537,26,5
KND298281,12,1
KND298281,15,2
KND298281,7,3
KND298281,6,4
KND298281,11,5
KND298281,25,1
KND298281,23,2
KND298281,26,3
KND298281,24,4
KND298281,22,5
AAM226081,17,1
AAM226081,11,2
AAM226081,18,3
AAM226081,16,4
AAM226081,10,5
AAM226081,26,1
AAM226081,24,2
AAM226081,25,3
AAM226081,22,4
AAM226081,23,5
JRF274095,19,1
JRF274095,11,2
JRF274095,15,3
JRF274095,17,4
JRF274095,14,5
JRF274095,22,1
JRF274095,25,2
JRF274095,24,3
JRF274095,23,4
JRF274095,26,5
MNM281748,6,1
MNM281748,4,2
MNM281748,1,3
MNM281748,2,4
MNM281748,5,5
MNM281748,26,1
MNM281748,24,2
MNM281748,22,3
MNM281748,23,4
MNM281748,25,5
RIB230160,4,1
RIB230160,3,2
RIB230160,6,3
RIB230160,17,4
RIB230160,20,5
RIB230160,23,1
RIB230160,26,2
RIB230160,22,3
RIB230160,25,4
RIB230160,24,5
TCF298262,1,1
TCF298262,13,2
TCF298262,14,3
TCF298262,19,4
TCF298262,4,5
TCF298262,24,1
TCF298262,26,2
TCF298262,23,3
TCF298262,22,4
TCF298262,25,5
CUB285459,5,1
CUB285459,17,2
CUB285459,20,3
CUB285459,18,4
CUB285459,16,5
CUB285459,22,1
CUB285459,26,2
CUB285459,24,3
CUB285459,25,4
CUB285459,23,5
TFM248719,16,1
TFM248719,7,2
TFM248719,10,3
TFM248719,13,4
TFM248719,12,5
TFM248719,24,1
TFM248719,26,2
TFM248719,22,3
TFM248719,25,4
TFM248719,23,5
PNC203735,16,1
PNC203735,9,2
PNC203735,5,3
PNC203735,11,4
PNC203735,12,5
PNC203735,26,1
PNC203735,22,2
PNC203735,23,3
PNC203735,24,4
PNC203735,25,5
AEC216493,19,1
AEC216493,17,2
AEC216493,20,3
AEC216493,9,4
AEC216493,5,5
AEC216493,24,1
AEC216493,25,2
AEC216493,23,3
AEC216493,22,4
AEC216493,26,5
LFG298033,16,1
LFG298033,20,2
LFG298033,12,3
LFG298033,7,4
LFG298033,13,5
LFG298033,25,1
LFG298033,23,2
LFG298033,26,3
LFG298033,24,4
LFG298033,22,5
LKB215442,8,1
LKB215442,15,2
LKB215442,4,3
LKB215442,18,4
LKB215442,10,5
LKB215442,23,1
LKB215442,24,2
LKB215442,26,3
LKB215442,25,4
LKB215442,22,5
EFS272521,8,1
EFS272521,5,2
EFS272521,18,3
EFS272521,14,4
EFS272521,7,5
EFS272521,24,1
EFS272521,22,2
EFS272521,23,3
EFS272521,26,4
EFS272521,25,5
CER268386,14,1
CER268386,13,2
CER268386,7,3
CER268386,8,4
CER268386,12,5
CER268386,22,1
CER268386,23,2
CER268386,25,3
CER268386,26,4
CER268386,24,5
RIT216183,17,1
RIT216183,4,2
RIT216183,16,3
RIT216183,8,4
RIT216183,15,5
RIT216183,24,1
RIT216183,22,2
RIT216183,26,3
RIT216183,23,4
RIT216183,25,5
EBG209227,4,1
EBG209227,3,2
EBG209227,12,3
EBG209227,8,4
EBG209227,16,5
EBG209227,25,1
EBG209227,26,2
EBG209227,22,3
EBG209227,24,4
EBG209227,23,5
KKC294902,17,1
KKC294902,13,2
KKC294902,2,3
KKC294902,4,4
KKC294902,20,5
KKC294902,26,1
KKC294902,22,2
KKC294902,25,3
KKC294902,24,4
KKC294902,23,5
KBA276037,11,1
KBA276037,15,2
KBA276037,9,3
KBA276037,6,4
KBA276037,7,5
KBA276037,26,1
KBA276037,24,2
KBA276037,25,3
KBA276037,23,4
KBA276037,22,5
DTB222551,20,1
DTB222551,16,2
DTB222551,6,3
DTB222551,13,4
DTB222551,7,5
DTB222551,24,1
DTB222551,25,2
DTB222551,23,3
DTB222551,26,4
DTB222551,22,5
MDC247377,20,1
MDC247377,13,2
MDC247377,9,3
MDC247377,5,4
MDC247377,11,5
MDC247377,26,1
MDC247377,24,2
MDC247377,23,3
MDC247377,22,4
MDC247377,25,5
AKS213582,5,1
AKS213582,1,2
AKS213582,10,3
AKS213582,8,4
AKS213582,19,5
AKS213582,26,1
AKS213582,25,2
AKS213582,23,3
AKS213582,24,4
AKS213582,22,5
HUS254044,18,1
HUS254044,19,2
HUS254044,5,3
HUS254044,4,4
HUS254044,16,5
HUS254044,26,1
HUS254044,24,2
HUS254044,22,3
HUS254044,25,4
HUS254044,23,5
GBR294052,1,1
GBR294052,16,2
GBR294052,14,3
GBR294052,5,4
GBR294052,13,5
GBR294052,23,1
GBR294052,25,2
GBR294052,26,3
GBR294052,24,4
GBR294052,22,5
BVR230482,3,1
BVR230482,17,2
BVR230482,14,3
BVR230482,6,4
BVR230482,7,5
BVR230482,23,1
BVR230482,26,2
BVR230482,22,3
BVR230482,24,4
BVR230482,25,5
SMC295507,14,1
SMC295507,9,2
SMC295507,16,3
SMC295507,3,4
SMC295507,6,5
SMC295507,24,1
SMC295507,25,2
SMC295507,22,3
SMC295507,26,4
SMC295507,23,5
EQM284833,7,1
EQM284833,16,2
EQM284833,6,3
EQM284833,20,4
EQM284833,12,5
EQM284833,22,1
EQM284833,23,2
EQM284833,24,3
EQM284833,25,4
EQM284833,26,5
HOS257763,20,1
HOS257763,5,2
HOS257763,11,3
HOS257763,15,4
HOS257763,13,5
HOS257763,25,1
HOS257763,22,2
HOS257763,24,3
HOS257763,26,4
HOS257763,23,5
KPA232272,13,1
KPA232272,14,2
KPA232272,20,3
KPA232272,3,4
KPA232272,16,5
KPA232272,22,1
KPA232272,25,2
KPA232272,26,3
KPA232272,23,4
KPA232272,24,5
MYV279909,12,1
MYV279909,18,2
MYV279909,2,3
MYV279909,14,4
MYV279909,6,5
MYV279909,26,1
MYV279909,24,2
MYV279909,25,3
MYV279909,22,4
MYV279909,23,5
AWD212930,12,1
AWD212930,13,2
AWD212930,2,3
AWD212930,5,4
AWD212930,17,5
AWD212930,26,1
AWD212930,23,2
AWD212930,24,3
AWD212930,25,4
AWD212930,22,5
SXC289180,13,1
SXC289180,2,2
SXC289180,15,3
SXC289180,5,4
SXC289180,8,5
SXC289180,22,1
SXC289180,26,2
SXC289180,25,3
SXC289180,24,4
SXC289180,23,5
AXC208716,3,1
AXC208716,18,2
AXC208716,16,3
AXC208716,7,4
AXC208716,5,5
AXC208716,26,1
AXC208716,22,2
AXC208716,23,3
AXC208716,24,4
AXC208716,25,5
JCM214602,2,1
JCM214602,19,2
JCM214602,1,3
JCM214602,5,4
JCM214602,11,5
JCM214602,24,1
JCM214602,23,2
JCM214602,25,3
JCM214602,26,4
JCM214602,22,5
MJS284428,15,1
MJS284428,1,2
MJS284428,20,3
MJS284428,3,4
MJS284428,8,5
MJS284428,26,1
MJS284428,24,2
MJS284428,25,3
MJS284428,22,4
MJS284428,23,5
BNW271712,19,1
BNW271712,4,2
BNW271712,8,3
BNW271712,2,4
BNW271712,3,5
BNW271712,22,1
BNW271712,25,2
BNW271712,24,3
BNW271712,23,4
BNW271712,26,5
BVD289864,6,1
BVD289864,12,2
BVD289864,1,3
BVD289864,14,4
BVD289864,10,5
BVD289864,23,1
BVD289864,22,2
BVD289864,26,3
BVD289864,24,4
BVD289864,25,5
TMH252721,19,1
TMH252721,7,2
TMH252721,12,3
TMH252721,15,4
TMH252721,14,5
TMH252721,24,1
TMH252721,26,2
TMH252721,22,3
TMH252721,23,4
TMH252721,25,5
JYB261634,19,1
JYB261634,5,2
JYB261634,13,3
JYB261634,7,4
JYB261634,20,5
JYB261634,25,1
JYB261634,24,2
JYB261634,23,3
JYB261634,22,4
JYB261634,26,5
FTR299958,1,1
FTR299958,20,2
FTR299958,2,3
FTR299958,11,4
FTR299958,3,5
FTR299958,24,1
FTR299958,26,2
FTR299958,22,3
FTR299958,25,4
FTR299958,23,5
RSC240312,14,1
RSC240312,6,2
RSC240312,18,3
RSC240312,16,4
RSC240312,9,5
RSC240312,23,1
RSC240312,22,2
RSC240312,24,3
RSC240312,25,4
RSC240312,26,5
MMA212723,13,1
MMA212723,5,2
MMA212723,4,3
MMA212723,7,4
MMA212723,11,5
MMA212723,24,1
MMA212723,22,2
MMA212723,23,3
MMA212723,26,4
MMA212723,25,5
MIM281508,15,1
MIM281508,3,2
MIM281508,11,3
MIM281508,2,4
MIM281508,5,5
MIM281508,26,1
MIM281508,22,2
MIM281508,24,3
MIM281508,25,4
MIM281508,23,5
GBJ249895,3,1
GBJ249895,11,2
GBJ249895,17,3
GBJ249895,4,4
GBJ249895,1,5
GBJ249895,23,1
GBJ249895,22,2
GBJ249895,25,3
GBJ249895,24,4
GBJ249895,26,5
WYM248940,11,1
WYM248940,3,2
WYM248940,5,3
WYM248940,15,4
WYM248940,20,5
WYM248940,22,1
WYM248940,26,2
WYM248940,25,3
WYM248940,24,4
WYM248940,23,5
DCB297788,19,1
DCB297788,2,2
DCB297788,15,3
DCB297788,6,4
DCB297788,1,5
DCB297788,22,1
DCB297788,23,2
DCB297788,26,3
DCB297788,25,4
DCB297788,24,5
JCB271040,17,1
JCB271040,10,2
JCB271040,7,3
JCB271040,14,4
JCB271040,9,5
JCB271040,24,1
JCB271040,23,2
JCB271040,26,3
JCB271040,22,4
JCB271040,25,5
JLA236890,11,1
JLA236890,15,2
JLA236890,12,3
JLA236890,16,4
JLA236890,18,5
JLA236890,25,1
JLA236890,24,2
JLA236890,23,3
JLA236890,26,4
JLA236890,22,5
JOH229899,5,1
JOH229899,11,2
JOH229899,13,3
JOH229899,20,4
JOH229899,18,5
JOH229899,24,1
JOH229899,22,2
JOH229899,23,3
JOH229899,25,4
JOH229899,26,5
CPJ277717,14,1
CPJ277717,6,2
CPJ277717,16,3
CPJ277717,2,4
CPJ277717,12,5
CPJ277717,22,1
CPJ277717,26,2
CPJ277717,23,3
CPJ277717,24,4
CPJ277717,25,5
RGR218543,7,1
RGR218543,11,2
RGR218543,8,3
RGR218543,19,4
RGR218543,16,5
RGR218543,24,1
RGR218543,26,2
RGR218543,25,3
RGR218543,23,4
RGR218543,22,5
LHF216663,15,1
LHF216663,9,2
LHF216663,3,3
LHF216663,20,4
LHF216663,13,5
LHF216663,23,1
LHF216663,24,2
LHF216663,25,3
LHF216663,22,4
LHF216663,26,5
BKM207736,14,1
BKM207736,3,2
BKM207736,12,3
BKM207736,15,4
BKM207736,5,5
BKM207736,25,1
BKM207736,26,2
BKM207736,24,3
BKM207736,22,4
BKM207736,23,5
MIC299413,14,1
MIC299413,11,2
MIC299413,13,3
MIC299413,6,4
MIC299413,19,5
MIC299413,26,1
MIC299413,22,2
MIC299413,24,3
MIC299413,23,4
MIC299413,25,5
